Property,Date,Time,Temperature
4,16/01/2020,11:00:00 PM,29.23
5,17/01/2020,12:00:00 AM,30.01
6,17/01/2020,1:00:00 AM,30.18
7,17/01/2020,2:00:00 AM,30.27
8,17/01/2020,3:00:00 AM,30.33
9,17/01/2020,4:00:00 AM,30.37
10,17/01/2020,5:00:00 AM,30.40
11,17/01/2020,6:00:00 AM,30.41
12,17/01/2020,7:00:00 AM,30.42
13,17/01/2020,8:00:00 AM,30.43
14,17/01/2020,9:00:00 AM,30.43
15,17/01/2020,10:00:00 AM,30.43
16,17/01/2020,11:00:00 AM,30.42
17,17/01/2020,12:00:00 PM,30.42
18,17/01/2020,1:00:00 PM,30.41
19,17/01/2020,2:00:00 PM,30.40
20,17/01/2020,3:00:00 PM,30.39
21,17/01/2020,4:00:00 PM,30.38
22,17/01/2020,5:00:00 PM,30.37
23,17/01/2020,6:00:00 PM,30.37
24,17/01/2020,7:00:00 PM,30.36
25,17/01/2020,8:00:00 PM,30.36
26,17/01/2020,9:00:00 PM,30.37
27,17/01/2020,10:00:00 PM,30.37
28,17/01/2020,11:00:00 PM,30.38
29,18/01/2020,12:00:00 AM,30.39
30,18/01/2020,1:00:00 AM,30.39
31,18/01/2020,2:00:00 AM,30.40
32,18/01/2020,3:00:00 AM,30.41
33,18/01/2020,4:00:00 AM,30.41
34,18/01/2020,5:00:00 AM,30.41
35,18/01/2020,6:00:00 AM,30.42
36,18/01/2020,7:00:00 AM,30.42
37,18/01/2020,8:00:00 AM,30.41
38,18/01/2020,9:00:00 AM,30.41
39,18/01/2020,10:00:00 AM,30.40
40,18/01/2020,11:00:00 AM,30.40
41,18/01/2020,12:00:00 PM,30.39
42,18/01/2020,1:00:00 PM,30.38
43,18/01/2020,2:00:00 PM,30.37
44,18/01/2020,3:00:00 PM,30.36
45,18/01/2020,4:00:00 PM,30.35
46,18/01/2020,5:00:00 PM,30.33
47,18/01/2020,6:00:00 PM,30.32
48,18/01/2020,7:00:00 PM,30.31
49,18/01/2020,8:00:00 PM,30.31
50,18/01/2020,9:00:00 PM,30.31
51,18/01/2020,10:00:00 PM,30.30
52,18/01/2020,11:00:00 PM,30.18
53,19/01/2020,12:00:00 AM,30.13
54,19/01/2020,1:00:00 AM,29.94
55,19/01/2020,2:00:00 AM,29.78
56,19/01/2020,3:00:00 AM,29.67
57,19/01/2020,4:00:00 AM,29.57
58,19/01/2020,5:00:00 AM,29.48
59,19/01/2020,6:00:00 AM,29.40
60,19/01/2020,7:00:00 AM,29.33
61,19/01/2020,8:00:00 AM,29.27
62,19/01/2020,9:00:00 AM,29.21
63,19/01/2020,10:00:00 AM,29.16
64,19/01/2020,11:00:00 AM,29.15
65,19/01/2020,12:00:00 PM,29.18
66,19/01/2020,1:00:00 PM,29.29
67,19/01/2020,2:00:00 PM,29.48
68,19/01/2020,3:00:00 PM,29.72
69,19/01/2020,4:00:00 PM,30.02
70,19/01/2020,5:00:00 PM,30.35
71,19/01/2020,6:00:00 PM,30.65
72,19/01/2020,7:00:00 PM,30.90
73,19/01/2020,8:00:00 PM,31.08
74,19/01/2020,9:00:00 PM,31.19
75,19/01/2020,10:00:00 PM,31.22
76,19/01/2020,11:00:00 PM,31.21
77,20/01/2020,12:00:00 AM,31.17
78,20/01/2020,1:00:00 AM,31.11
79,20/01/2020,2:00:00 AM,31.03
80,20/01/2020,3:00:00 AM,30.95
81,20/01/2020,4:00:00 AM,30.85
82,20/01/2020,5:00:00 AM,30.75
83,20/01/2020,6:00:00 AM,30.65
84,20/01/2020,7:00:00 AM,30.53
85,20/01/2020,8:00:00 AM,30.42
86,20/01/2020,9:00:00 AM,30.30
87,20/01/2020,10:00:00 AM,30.21
88,20/01/2020,11:00:00 AM,30.16
89,20/01/2020,12:00:00 PM,30.18
90,20/01/2020,1:00:00 PM,30.29
91,20/01/2020,2:00:00 PM,30.48
92,20/01/2020,3:00:00 PM,30.73
93,20/01/2020,4:00:00 PM,30.99
94,20/01/2020,5:00:00 PM,31.25
95,20/01/2020,6:00:00 PM,31.51
96,20/01/2020,7:00:00 PM,31.72
97,20/01/2020,8:00:00 PM,31.87
98,20/01/2020,9:00:00 PM,31.94
99,20/01/2020,10:00:00 PM,31.96
100,20/01/2020,11:00:00 PM,31.93
101,21/01/2020,12:00:00 AM,31.87
102,21/01/2020,1:00:00 AM,31.79
103,21/01/2020,2:00:00 AM,31.69
104,21/01/2020,3:00:00 AM,31.58
105,21/01/2020,4:00:00 AM,31.46
106,21/01/2020,5:00:00 AM,31.34
107,21/01/2020,6:00:00 AM,31.22
108,21/01/2020,7:00:00 AM,31.09
109,21/01/2020,8:00:00 AM,30.97
110,21/01/2020,9:00:00 AM,30.85
111,21/01/2020,10:00:00 AM,30.75
112,21/01/2020,11:00:00 AM,30.69
113,21/01/2020,12:00:00 PM,30.69
114,21/01/2020,1:00:00 PM,30.76
115,21/01/2020,2:00:00 PM,30.90
116,21/01/2020,3:00:00 PM,31.12
117,21/01/2020,4:00:00 PM,31.37
118,21/01/2020,5:00:00 PM,31.64
119,21/01/2020,6:00:00 PM,31.90
120,21/01/2020,7:00:00 PM,32.11
121,21/01/2020,8:00:00 PM,32.25
122,21/01/2020,9:00:00 PM,32.31
123,21/01/2020,10:00:00 PM,32.31
124,21/01/2020,11:00:00 PM,32.26
125,22/01/2020,12:00:00 AM,32.18
126,22/01/2020,1:00:00 AM,32.08
127,22/01/2020,2:00:00 AM,31.96
128,22/01/2020,3:00:00 AM,31.83
129,22/01/2020,4:00:00 AM,31.70
130,22/01/2020,5:00:00 AM,31.58
131,22/01/2020,6:00:00 AM,31.45
132,22/01/2020,7:00:00 AM,31.33
133,22/01/2020,8:00:00 AM,31.21
134,22/01/2020,9:00:00 AM,31.11
135,22/01/2020,10:00:00 AM,31.03
136,22/01/2020,11:00:00 AM,30.98
137,22/01/2020,12:00:00 PM,30.99
138,22/01/2020,1:00:00 PM,31.07
139,22/01/2020,2:00:00 PM,31.22
140,22/01/2020,3:00:00 PM,31.41
141,22/01/2020,4:00:00 PM,31.65
142,22/01/2020,5:00:00 PM,31.89
143,22/01/2020,6:00:00 PM,32.11
144,22/01/2020,7:00:00 PM,32.29
145,22/01/2020,8:00:00 PM,32.41
146,22/01/2020,9:00:00 PM,32.47
147,22/01/2020,10:00:00 PM,32.47
148,22/01/2020,11:00:00 PM,32.43
149,23/01/2020,12:00:00 AM,32.36
150,23/01/2020,1:00:00 AM,32.28
151,23/01/2020,2:00:00 AM,32.19
152,23/01/2020,3:00:00 AM,32.09
153,23/01/2020,4:00:00 AM,31.99
154,23/01/2020,5:00:00 AM,31.89
155,23/01/2020,6:00:00 AM,31.80
156,23/01/2020,7:00:00 AM,31.70
157,23/01/2020,8:00:00 AM,31.61
158,23/01/2020,9:00:00 AM,31.52
159,23/01/2020,10:00:00 AM,31.44
160,23/01/2020,11:00:00 AM,31.39
161,23/01/2020,12:00:00 PM,31.38
162,23/01/2020,1:00:00 PM,31.43
163,23/01/2020,2:00:00 PM,31.53
164,23/01/2020,3:00:00 PM,31.68
165,23/01/2020,4:00:00 PM,31.85
166,23/01/2020,5:00:00 PM,32.02
167,23/01/2020,6:00:00 PM,32.19
168,23/01/2020,7:00:00 PM,32.32
169,23/01/2020,8:00:00 PM,32.40
170,23/01/2020,9:00:00 PM,32.43
171,23/01/2020,10:00:00 PM,32.42
172,23/01/2020,11:00:00 PM,32.37
173,24/01/2020,12:00:00 AM,32.31
174,24/01/2020,1:00:00 AM,32.23
175,24/01/2020,2:00:00 AM,32.15
176,24/01/2020,3:00:00 AM,32.05
177,24/01/2020,4:00:00 AM,31.96
178,24/01/2020,5:00:00 AM,31.87
179,24/01/2020,6:00:00 AM,31.78
180,24/01/2020,7:00:00 AM,31.69
181,24/01/2020,8:00:00 AM,31.61
182,24/01/2020,9:00:00 AM,31.52
183,24/01/2020,10:00:00 AM,31.45
184,24/01/2020,11:00:00 AM,31.40
185,24/01/2020,12:00:00 PM,31.40
186,24/01/2020,1:00:00 PM,31.45
187,24/01/2020,2:00:00 PM,31.57
188,24/01/2020,3:00:00 PM,31.73
189,24/01/2020,4:00:00 PM,31.92
190,24/01/2020,5:00:00 PM,32.11
191,24/01/2020,6:00:00 PM,32.29
192,24/01/2020,7:00:00 PM,32.42
193,24/01/2020,8:00:00 PM,32.51
194,24/01/2020,9:00:00 PM,32.55
195,24/01/2020,10:00:00 PM,32.55
196,24/01/2020,11:00:00 PM,32.51
197,25/01/2020,12:00:00 AM,32.45
198,25/01/2020,1:00:00 AM,32.38
199,25/01/2020,2:00:00 AM,32.29
200,25/01/2020,3:00:00 AM,32.20
201,25/01/2020,4:00:00 AM,32.11
202,25/01/2020,5:00:00 AM,32.02
203,25/01/2020,6:00:00 AM,31.93
204,25/01/2020,7:00:00 AM,31.84
205,25/01/2020,8:00:00 AM,31.76
206,25/01/2020,9:00:00 AM,31.67
207,25/01/2020,10:00:00 AM,31.59
208,25/01/2020,11:00:00 AM,31.55
209,25/01/2020,12:00:00 PM,31.54
210,25/01/2020,1:00:00 PM,31.59
211,25/01/2020,2:00:00 PM,31.68
212,25/01/2020,3:00:00 PM,31.83
213,25/01/2020,4:00:00 PM,32.00
214,25/01/2020,5:00:00 PM,32.19
215,25/01/2020,6:00:00 PM,32.37
216,25/01/2020,7:00:00 PM,32.51
217,25/01/2020,8:00:00 PM,32.59
218,25/01/2020,9:00:00 PM,32.62
219,25/01/2020,10:00:00 PM,32.61
220,25/01/2020,11:00:00 PM,32.57
221,26/01/2020,12:00:00 AM,32.51
222,26/01/2020,1:00:00 AM,32.44
223,26/01/2020,2:00:00 AM,32.36
224,26/01/2020,3:00:00 AM,32.28
225,26/01/2020,4:00:00 AM,32.20
226,26/01/2020,5:00:00 AM,32.07
227,26/01/2020,6:00:00 AM,31.82
228,26/01/2020,7:00:00 AM,31.55
229,26/01/2020,8:00:00 AM,31.31
230,26/01/2020,9:00:00 AM,31.11
231,26/01/2020,10:00:00 AM,30.96
232,26/01/2020,11:00:00 AM,30.85
233,26/01/2020,12:00:00 PM,30.80
234,26/01/2020,1:00:00 PM,30.82
235,26/01/2020,2:00:00 PM,30.91
236,26/01/2020,3:00:00 PM,31.08
237,26/01/2020,4:00:00 PM,31.31
238,26/01/2020,5:00:00 PM,31.55
239,26/01/2020,6:00:00 PM,31.78
240,26/01/2020,7:00:00 PM,31.96
241,26/01/2020,8:00:00 PM,32.07
242,26/01/2020,9:00:00 PM,32.12
243,26/01/2020,10:00:00 PM,32.12
244,26/01/2020,11:00:00 PM,32.09
245,27/01/2020,12:00:00 AM,32.03
246,27/01/2020,1:00:00 AM,31.95
247,27/01/2020,2:00:00 AM,31.86
248,27/01/2020,3:00:00 AM,31.77
249,27/01/2020,4:00:00 AM,31.67
250,27/01/2020,5:00:00 AM,31.57
251,27/01/2020,6:00:00 AM,31.47
252,27/01/2020,7:00:00 AM,31.37
253,27/01/2020,8:00:00 AM,31.27
254,27/01/2020,9:00:00 AM,31.18
255,27/01/2020,10:00:00 AM,31.10
256,27/01/2020,11:00:00 AM,31.04
257,27/01/2020,12:00:00 PM,31.02
258,27/01/2020,1:00:00 PM,31.06
259,27/01/2020,2:00:00 PM,31.15
260,27/01/2020,3:00:00 PM,31.31
261,27/01/2020,4:00:00 PM,31.52
262,27/01/2020,5:00:00 PM,31.74
263,27/01/2020,6:00:00 PM,31.94
264,27/01/2020,7:00:00 PM,32.10
265,27/01/2020,8:00:00 PM,32.20
266,27/01/2020,9:00:00 PM,32.24
267,27/01/2020,10:00:00 PM,32.23
268,27/01/2020,11:00:00 PM,32.19
269,28/01/2020,12:00:00 AM,32.12
270,28/01/2020,1:00:00 AM,32.00
271,28/01/2020,2:00:00 AM,31.73
272,28/01/2020,3:00:00 AM,31.46
273,28/01/2020,4:00:00 AM,31.24
274,28/01/2020,5:00:00 AM,31.06
275,28/01/2020,6:00:00 AM,30.90
276,28/01/2020,7:00:00 AM,30.75
277,28/01/2020,8:00:00 AM,30.62
278,28/01/2020,9:00:00 AM,30.49
279,28/01/2020,10:00:00 AM,30.38
280,28/01/2020,11:00:00 AM,30.32
281,28/01/2020,12:00:00 PM,30.31
282,28/01/2020,1:00:00 PM,30.37
283,28/01/2020,2:00:00 PM,30.51
284,28/01/2020,3:00:00 PM,30.73
285,28/01/2020,4:00:00 PM,31.02
286,28/01/2020,5:00:00 PM,31.34
287,28/01/2020,6:00:00 PM,31.65
288,28/01/2020,7:00:00 PM,31.91
289,28/01/2020,8:00:00 PM,32.10
290,28/01/2020,9:00:00 PM,32.21
291,28/01/2020,10:00:00 PM,32.25
292,28/01/2020,11:00:00 PM,32.23
293,29/01/2020,12:00:00 AM,32.16
294,29/01/2020,1:00:00 AM,32.08
295,29/01/2020,2:00:00 AM,31.98
296,29/01/2020,3:00:00 AM,31.88
297,29/01/2020,4:00:00 AM,31.78
298,29/01/2020,5:00:00 AM,31.68
299,29/01/2020,6:00:00 AM,31.58
300,29/01/2020,7:00:00 AM,31.48
301,29/01/2020,8:00:00 AM,31.38
302,29/01/2020,9:00:00 AM,31.29
303,29/01/2020,10:00:00 AM,31.20
304,29/01/2020,11:00:00 AM,31.15
305,29/01/2020,12:00:00 PM,31.15
306,29/01/2020,1:00:00 PM,31.22
307,29/01/2020,2:00:00 PM,31.35
308,29/01/2020,3:00:00 PM,31.53
309,29/01/2020,4:00:00 PM,31.76
310,29/01/2020,5:00:00 PM,32.00
311,29/01/2020,6:00:00 PM,32.22
312,29/01/2020,7:00:00 PM,32.41
313,29/01/2020,8:00:00 PM,32.54
314,29/01/2020,9:00:00 PM,32.60
315,29/01/2020,10:00:00 PM,32.62
316,29/01/2020,11:00:00 PM,32.59
317,30/01/2020,12:00:00 AM,32.54
318,30/01/2020,1:00:00 AM,32.47
319,30/01/2020,2:00:00 AM,32.39
320,30/01/2020,3:00:00 AM,32.30
321,30/01/2020,4:00:00 AM,32.20
322,30/01/2020,5:00:00 AM,32.10
323,30/01/2020,6:00:00 AM,32.01
324,30/01/2020,7:00:00 AM,31.91
325,30/01/2020,8:00:00 AM,31.81
326,30/01/2020,9:00:00 AM,31.71
327,30/01/2020,10:00:00 AM,31.63
328,30/01/2020,11:00:00 AM,31.58
329,30/01/2020,12:00:00 PM,31.57
330,30/01/2020,1:00:00 PM,31.63
331,30/01/2020,2:00:00 PM,31.74
332,30/01/2020,3:00:00 PM,31.90
333,30/01/2020,4:00:00 PM,32.10
334,30/01/2020,5:00:00 PM,32.31
335,30/01/2020,6:00:00 PM,32.51
336,30/01/2020,7:00:00 PM,32.68
337,30/01/2020,8:00:00 PM,32.80
338,30/01/2020,9:00:00 PM,32.85
339,30/01/2020,10:00:00 PM,32.86
340,30/01/2020,11:00:00 PM,32.84
341,31/01/2020,12:00:00 AM,32.79
342,31/01/2020,1:00:00 AM,32.71
343,31/01/2020,2:00:00 AM,32.55
344,31/01/2020,3:00:00 AM,32.34
345,31/01/2020,4:00:00 AM,32.12
346,31/01/2020,5:00:00 AM,31.89
347,31/01/2020,6:00:00 AM,31.65
348,31/01/2020,7:00:00 AM,31.38
349,31/01/2020,8:00:00 AM,31.13
350,31/01/2020,9:00:00 AM,30.92
351,31/01/2020,10:00:00 AM,30.74
352,31/01/2020,11:00:00 AM,30.60
353,31/01/2020,12:00:00 PM,30.52
354,31/01/2020,1:00:00 PM,30.49
355,31/01/2020,2:00:00 PM,30.53
356,31/01/2020,3:00:00 PM,30.60
357,31/01/2020,4:00:00 PM,30.72
358,31/01/2020,5:00:00 PM,30.88
359,31/01/2020,6:00:00 PM,31.06
360,31/01/2020,7:00:00 PM,31.23
361,31/01/2020,8:00:00 PM,31.34
362,31/01/2020,9:00:00 PM,31.41
363,31/01/2020,10:00:00 PM,31.43
364,31/01/2020,11:00:00 PM,31.42
365,01/02/2020,12:00:00 AM,31.38
366,01/02/2020,1:00:00 AM,31.33
367,01/02/2020,2:00:00 AM,31.26
368,01/02/2020,3:00:00 AM,31.18
369,01/02/2020,4:00:00 AM,31.09
370,01/02/2020,5:00:00 AM,31.00
371,01/02/2020,6:00:00 AM,30.90
372,01/02/2020,7:00:00 AM,30.79
373,01/02/2020,8:00:00 AM,30.69
374,01/02/2020,9:00:00 AM,30.60
375,01/02/2020,10:00:00 AM,30.51
376,01/02/2020,11:00:00 AM,30.47
377,01/02/2020,12:00:00 PM,30.50
378,01/02/2020,1:00:00 PM,30.61
379,01/02/2020,2:00:00 PM,30.83
380,01/02/2020,3:00:00 PM,31.10
381,01/02/2020,4:00:00 PM,31.37
382,01/02/2020,5:00:00 PM,31.62
383,01/02/2020,6:00:00 PM,31.81
384,01/02/2020,7:00:00 PM,31.94
385,01/02/2020,8:00:00 PM,31.99
386,01/02/2020,9:00:00 PM,31.99
387,01/02/2020,10:00:00 PM,31.94
388,01/02/2020,11:00:00 PM,31.86
389,02/02/2020,12:00:00 AM,31.76
390,02/02/2020,1:00:00 AM,31.65
391,02/02/2020,2:00:00 AM,31.53
392,02/02/2020,3:00:00 AM,31.42
393,02/02/2020,4:00:00 AM,31.31
394,02/02/2020,5:00:00 AM,31.20
395,02/02/2020,6:00:00 AM,31.10
396,02/02/2020,7:00:00 AM,31.00
397,02/02/2020,8:00:00 AM,30.90
398,02/02/2020,9:00:00 AM,30.80
399,02/02/2020,10:00:00 AM,30.71
400,02/02/2020,11:00:00 AM,30.66
401,02/02/2020,12:00:00 PM,30.66
402,02/02/2020,1:00:00 PM,30.73
403,02/02/2020,2:00:00 PM,30.88
404,02/02/2020,3:00:00 PM,31.09
405,02/02/2020,4:00:00 PM,31.36
406,02/02/2020,5:00:00 PM,31.64
407,02/02/2020,6:00:00 PM,31.91
408,02/02/2020,7:00:00 PM,32.13
409,02/02/2020,8:00:00 PM,32.31
410,02/02/2020,9:00:00 PM,32.40
411,02/02/2020,10:00:00 PM,32.37
412,02/02/2020,11:00:00 PM,32.27
413,03/02/2020,12:00:00 AM,32.13
414,03/02/2020,1:00:00 AM,31.98
415,03/02/2020,2:00:00 AM,31.83
416,03/02/2020,3:00:00 AM,31.69
417,03/02/2020,4:00:00 AM,31.55
418,03/02/2020,5:00:00 AM,31.41
419,03/02/2020,6:00:00 AM,31.28
420,03/02/2020,7:00:00 AM,31.16
421,03/02/2020,8:00:00 AM,31.04
422,03/02/2020,9:00:00 AM,30.93
423,03/02/2020,10:00:00 AM,30.84
424,03/02/2020,11:00:00 AM,30.78
425,03/02/2020,12:00:00 PM,30.76
426,03/02/2020,1:00:00 PM,30.80
427,03/02/2020,2:00:00 PM,30.92
428,03/02/2020,3:00:00 PM,31.11
429,03/02/2020,4:00:00 PM,31.33
430,03/02/2020,5:00:00 PM,31.56
431,03/02/2020,6:00:00 PM,31.78
432,03/02/2020,7:00:00 PM,31.97
433,03/02/2020,8:00:00 PM,32.10
434,03/02/2020,9:00:00 PM,32.16
435,03/02/2020,10:00:00 PM,32.17
436,03/02/2020,11:00:00 PM,32.13
437,04/02/2020,12:00:00 AM,32.06
438,04/02/2020,1:00:00 AM,31.97
439,04/02/2020,2:00:00 AM,31.87
440,04/02/2020,3:00:00 AM,31.77
441,04/02/2020,4:00:00 AM,31.67
442,04/02/2020,5:00:00 AM,31.57
443,04/02/2020,6:00:00 AM,31.47
444,04/02/2020,7:00:00 AM,31.36
445,04/02/2020,8:00:00 AM,31.24
446,04/02/2020,9:00:00 AM,31.11
447,04/02/2020,10:00:00 AM,30.99
448,04/02/2020,11:00:00 AM,30.90
449,04/02/2020,12:00:00 PM,30.86
450,04/02/2020,1:00:00 PM,30.85
451,04/02/2020,2:00:00 PM,30.89
452,04/02/2020,3:00:00 PM,30.96
453,04/02/2020,4:00:00 PM,31.06
454,04/02/2020,5:00:00 PM,31.19
455,04/02/2020,6:00:00 PM,31.32
456,04/02/2020,7:00:00 PM,31.44
457,04/02/2020,8:00:00 PM,31.52
458,04/02/2020,9:00:00 PM,31.55
459,04/02/2020,10:00:00 PM,31.54
460,04/02/2020,11:00:00 PM,31.51
461,05/02/2020,12:00:00 AM,31.46
462,05/02/2020,1:00:00 AM,31.40
463,05/02/2020,2:00:00 AM,31.33
464,05/02/2020,3:00:00 AM,31.26
465,05/02/2020,4:00:00 AM,31.19
466,05/02/2020,5:00:00 AM,31.12
467,05/02/2020,6:00:00 AM,31.05
468,05/02/2020,7:00:00 AM,30.97
469,05/02/2020,8:00:00 AM,30.87
470,05/02/2020,9:00:00 AM,30.76
471,05/02/2020,10:00:00 AM,30.66
472,05/02/2020,11:00:00 AM,30.58
473,05/02/2020,12:00:00 PM,30.53
474,05/02/2020,1:00:00 PM,30.53
475,05/02/2020,2:00:00 PM,30.57
476,05/02/2020,3:00:00 PM,30.65
477,05/02/2020,4:00:00 PM,30.77
478,05/02/2020,5:00:00 PM,30.91
479,05/02/2020,6:00:00 PM,31.06
480,05/02/2020,7:00:00 PM,31.20
481,05/02/2020,8:00:00 PM,31.31
482,05/02/2020,9:00:00 PM,31.37
483,05/02/2020,10:00:00 PM,31.40
484,05/02/2020,11:00:00 PM,31.39
485,06/02/2020,12:00:00 AM,31.35
486,06/02/2020,1:00:00 AM,31.30
487,06/02/2020,2:00:00 AM,31.24
488,06/02/2020,3:00:00 AM,31.17
489,06/02/2020,4:00:00 AM,31.10
490,06/02/2020,5:00:00 AM,31.02
491,06/02/2020,6:00:00 AM,30.94
492,06/02/2020,7:00:00 AM,30.87
493,06/02/2020,8:00:00 AM,30.79
494,06/02/2020,9:00:00 AM,30.72
495,06/02/2020,10:00:00 AM,30.65
496,06/02/2020,11:00:00 AM,30.61
497,06/02/2020,12:00:00 PM,30.61
498,06/02/2020,1:00:00 PM,30.67
499,06/02/2020,2:00:00 PM,30.79
500,06/02/2020,3:00:00 PM,30.98
501,06/02/2020,4:00:00 PM,31.22
502,06/02/2020,5:00:00 PM,31.47
503,06/02/2020,6:00:00 PM,31.72
504,06/02/2020,7:00:00 PM,31.94
505,06/02/2020,8:00:00 PM,32.10
506,06/02/2020,9:00:00 PM,32.21
507,06/02/2020,10:00:00 PM,32.25
508,06/02/2020,11:00:00 PM,32.25
509,07/02/2020,12:00:00 AM,32.22
510,07/02/2020,1:00:00 AM,32.16
511,07/02/2020,2:00:00 AM,32.08
512,07/02/2020,3:00:00 AM,31.99
513,07/02/2020,4:00:00 AM,31.90
514,07/02/2020,5:00:00 AM,31.80
515,07/02/2020,6:00:00 AM,31.70
516,07/02/2020,7:00:00 AM,31.60
517,07/02/2020,8:00:00 AM,31.50
518,07/02/2020,9:00:00 AM,31.41
519,07/02/2020,10:00:00 AM,31.32
520,07/02/2020,11:00:00 AM,31.26
521,07/02/2020,12:00:00 PM,31.25
522,07/02/2020,1:00:00 PM,31.29
523,07/02/2020,2:00:00 PM,31.40
524,07/02/2020,3:00:00 PM,31.58
525,07/02/2020,4:00:00 PM,31.79
526,07/02/2020,5:00:00 PM,32.03
527,07/02/2020,6:00:00 PM,32.27
528,07/02/2020,7:00:00 PM,32.48
529,07/02/2020,8:00:00 PM,32.64
530,07/02/2020,9:00:00 PM,32.73
531,07/02/2020,10:00:00 PM,32.77
532,07/02/2020,11:00:00 PM,32.76
533,08/02/2020,12:00:00 AM,32.73
534,08/02/2020,1:00:00 AM,32.66
535,08/02/2020,2:00:00 AM,32.58
536,08/02/2020,3:00:00 AM,32.49
537,08/02/2020,4:00:00 AM,32.39
538,08/02/2020,5:00:00 AM,32.29
539,08/02/2020,6:00:00 AM,32.18
540,08/02/2020,7:00:00 AM,32.07
541,08/02/2020,8:00:00 AM,31.96
542,08/02/2020,9:00:00 AM,31.86
543,08/02/2020,10:00:00 AM,31.76
544,08/02/2020,11:00:00 AM,31.69
545,08/02/2020,12:00:00 PM,31.67
546,08/02/2020,1:00:00 PM,31.70
547,08/02/2020,2:00:00 PM,31.80
548,08/02/2020,3:00:00 PM,31.96
549,08/02/2020,4:00:00 PM,32.15
550,08/02/2020,5:00:00 PM,32.37
551,08/02/2020,6:00:00 PM,32.59
552,08/02/2020,7:00:00 PM,32.78
553,08/02/2020,8:00:00 PM,32.92
554,08/02/2020,9:00:00 PM,33.01
555,08/02/2020,10:00:00 PM,33.04
556,08/02/2020,11:00:00 PM,33.03
557,09/02/2020,12:00:00 AM,33.00
558,09/02/2020,1:00:00 AM,32.94
559,09/02/2020,2:00:00 AM,32.86
560,09/02/2020,3:00:00 AM,32.78
561,09/02/2020,4:00:00 AM,32.70
562,09/02/2020,5:00:00 AM,32.61
563,09/02/2020,6:00:00 AM,32.53
564,09/02/2020,7:00:00 AM,32.44
565,09/02/2020,8:00:00 AM,32.36
566,09/02/2020,9:00:00 AM,32.27
567,09/02/2020,10:00:00 AM,32.20
568,09/02/2020,11:00:00 AM,32.14
569,09/02/2020,12:00:00 PM,32.12
570,09/02/2020,1:00:00 PM,32.16
571,09/02/2020,2:00:00 PM,32.28
572,09/02/2020,3:00:00 PM,32.25
573,09/02/2020,4:00:00 PM,32.17
574,09/02/2020,5:00:00 PM,32.11
575,09/02/2020,6:00:00 PM,32.08
576,09/02/2020,7:00:00 PM,32.07
577,09/02/2020,8:00:00 PM,32.05
578,09/02/2020,9:00:00 PM,32.00
579,09/02/2020,10:00:00 PM,31.94
580,09/02/2020,11:00:00 PM,31.86
581,10/02/2020,12:00:00 AM,31.77
582,10/02/2020,1:00:00 AM,31.68
583,10/02/2020,2:00:00 AM,31.59
584,10/02/2020,3:00:00 AM,31.50
585,10/02/2020,4:00:00 AM,31.41
586,10/02/2020,5:00:00 AM,31.32
587,10/02/2020,6:00:00 AM,31.23
588,10/02/2020,7:00:00 AM,31.15
589,10/02/2020,8:00:00 AM,31.07
590,10/02/2020,9:00:00 AM,30.99
591,10/02/2020,10:00:00 AM,30.93
592,10/02/2020,11:00:00 AM,30.89
593,10/02/2020,12:00:00 PM,30.76
594,10/02/2020,1:00:00 PM,30.73
595,10/02/2020,2:00:00 PM,30.73
596,10/02/2020,3:00:00 PM,30.82
597,10/02/2020,4:00:00 PM,30.95
598,10/02/2020,5:00:00 PM,31.07
599,10/02/2020,6:00:00 PM,31.11
600,10/02/2020,7:00:00 PM,31.07
601,10/02/2020,8:00:00 PM,30.98
602,10/02/2020,9:00:00 PM,30.86
603,10/02/2020,10:00:00 PM,30.73
604,10/02/2020,11:00:00 PM,30.60
605,11/02/2020,12:00:00 AM,30.49
606,11/02/2020,1:00:00 AM,30.39
607,11/02/2020,2:00:00 AM,30.29
608,11/02/2020,3:00:00 AM,30.20
609,11/02/2020,4:00:00 AM,30.12
610,11/02/2020,5:00:00 AM,30.03
611,11/02/2020,6:00:00 AM,29.95
612,11/02/2020,7:00:00 AM,29.88
613,11/02/2020,8:00:00 AM,29.81
614,11/02/2020,9:00:00 AM,29.74
615,11/02/2020,10:00:00 AM,29.68
616,11/02/2020,11:00:00 AM,29.64
617,11/02/2020,12:00:00 PM,29.64
618,11/02/2020,1:00:00 PM,29.66
619,11/02/2020,2:00:00 PM,29.72
620,11/02/2020,3:00:00 PM,29.84
621,11/02/2020,4:00:00 PM,29.99
622,11/02/2020,5:00:00 PM,30.17
623,11/02/2020,6:00:00 PM,30.36
624,11/02/2020,7:00:00 PM,30.54
625,11/02/2020,8:00:00 PM,30.68
626,11/02/2020,9:00:00 PM,30.77
627,11/02/2020,10:00:00 PM,30.83
628,11/02/2020,11:00:00 PM,30.84
629,12/02/2020,12:00:00 AM,30.83
630,12/02/2020,1:00:00 AM,30.81
631,12/02/2020,2:00:00 AM,30.77
632,12/02/2020,3:00:00 AM,30.72
633,12/02/2020,4:00:00 AM,30.67
634,12/02/2020,5:00:00 AM,30.61
635,12/02/2020,6:00:00 AM,30.54
636,12/02/2020,7:00:00 AM,30.48
637,12/02/2020,8:00:00 AM,30.40
638,12/02/2020,9:00:00 AM,30.33
639,12/02/2020,10:00:00 AM,30.27
640,12/02/2020,11:00:00 AM,30.23
641,12/02/2020,12:00:00 PM,30.23
642,12/02/2020,1:00:00 PM,30.28
643,12/02/2020,2:00:00 PM,30.36
644,12/02/2020,3:00:00 PM,30.47
645,12/02/2020,4:00:00 PM,30.60
646,12/02/2020,5:00:00 PM,30.74
647,12/02/2020,6:00:00 PM,30.88
648,12/02/2020,7:00:00 PM,31.00
649,12/02/2020,8:00:00 PM,31.08
650,12/02/2020,9:00:00 PM,31.13
651,12/02/2020,10:00:00 PM,31.15
652,12/02/2020,11:00:00 PM,31.14
653,13/02/2020,12:00:00 AM,31.11
654,13/02/2020,1:00:00 AM,31.07
655,13/02/2020,2:00:00 AM,31.02
656,13/02/2020,3:00:00 AM,30.96
657,13/02/2020,4:00:00 AM,30.90
658,13/02/2020,5:00:00 AM,30.81
659,13/02/2020,6:00:00 AM,30.69
660,13/02/2020,7:00:00 AM,30.56
661,13/02/2020,8:00:00 AM,30.45
662,13/02/2020,9:00:00 AM,30.34
663,13/02/2020,10:00:00 AM,30.25
664,13/02/2020,11:00:00 AM,30.18
665,13/02/2020,12:00:00 PM,30.12
666,13/02/2020,1:00:00 PM,30.11
667,13/02/2020,2:00:00 PM,30.12
668,13/02/2020,3:00:00 PM,30.14
669,13/02/2020,4:00:00 PM,30.17
670,13/02/2020,5:00:00 PM,30.17
671,13/02/2020,6:00:00 PM,30.17
672,13/02/2020,7:00:00 PM,30.16
673,13/02/2020,8:00:00 PM,30.15
674,13/02/2020,9:00:00 PM,30.12
675,13/02/2020,10:00:00 PM,30.10
676,13/02/2020,11:00:00 PM,30.07
677,14/02/2020,12:00:00 AM,30.04
678,14/02/2020,1:00:00 AM,30.01
679,14/02/2020,2:00:00 AM,29.97
680,14/02/2020,3:00:00 AM,29.94
681,14/02/2020,4:00:00 AM,29.91
682,14/02/2020,5:00:00 AM,29.87
683,14/02/2020,6:00:00 AM,29.84
684,14/02/2020,7:00:00 AM,29.81
685,14/02/2020,8:00:00 AM,29.78
686,14/02/2020,9:00:00 AM,29.75
687,14/02/2020,10:00:00 AM,29.73
688,14/02/2020,11:00:00 AM,29.72
689,14/02/2020,12:00:00 PM,29.75
690,14/02/2020,1:00:00 PM,29.83
691,14/02/2020,2:00:00 PM,29.96
692,14/02/2020,3:00:00 PM,30.14
693,14/02/2020,4:00:00 PM,30.35
694,14/02/2020,5:00:00 PM,30.58
695,14/02/2020,6:00:00 PM,30.81
696,14/02/2020,7:00:00 PM,31.02
697,14/02/2020,8:00:00 PM,31.18
698,14/02/2020,9:00:00 PM,31.30
699,14/02/2020,10:00:00 PM,31.37
700,14/02/2020,11:00:00 PM,31.40
701,15/02/2020,12:00:00 AM,31.40
702,15/02/2020,1:00:00 AM,31.38
703,15/02/2020,2:00:00 AM,31.33
704,15/02/2020,3:00:00 AM,31.28
705,15/02/2020,4:00:00 AM,31.21
706,15/02/2020,5:00:00 AM,31.15
707,15/02/2020,6:00:00 AM,31.08
708,15/02/2020,7:00:00 AM,31.01
709,15/02/2020,8:00:00 AM,30.94
710,15/02/2020,9:00:00 AM,30.86
711,15/02/2020,10:00:00 AM,30.80
712,15/02/2020,11:00:00 AM,30.77
713,15/02/2020,12:00:00 PM,30.78
714,15/02/2020,1:00:00 PM,30.86
715,15/02/2020,2:00:00 PM,31.00
716,15/02/2020,3:00:00 PM,31.20
717,15/02/2020,4:00:00 PM,31.47
718,15/02/2020,5:00:00 PM,31.77
719,15/02/2020,6:00:00 PM,32.05
720,15/02/2020,7:00:00 PM,32.28
721,15/02/2020,8:00:00 PM,32.45
722,15/02/2020,9:00:00 PM,32.55
723,15/02/2020,10:00:00 PM,32.60
724,15/02/2020,11:00:00 PM,32.60
725,16/02/2020,12:00:00 AM,32.56
726,16/02/2020,1:00:00 AM,32.51
727,16/02/2020,2:00:00 AM,32.44
728,16/02/2020,3:00:00 AM,32.36
729,16/02/2020,4:00:00 AM,32.28
730,16/02/2020,5:00:00 AM,31.82
731,16/02/2020,6:00:00 AM,31.25
732,16/02/2020,7:00:00 AM,30.88
733,16/02/2020,8:00:00 AM,30.63
734,16/02/2020,9:00:00 AM,30.45
735,16/02/2020,10:00:00 AM,30.31
736,16/02/2020,11:00:00 AM,30.22
737,16/02/2020,12:00:00 PM,30.18
738,16/02/2020,1:00:00 PM,30.19
739,16/02/2020,2:00:00 PM,30.26
740,16/02/2020,3:00:00 PM,30.38
741,16/02/2020,4:00:00 PM,30.58
742,16/02/2020,5:00:00 PM,30.82
743,16/02/2020,6:00:00 PM,31.06
744,16/02/2020,7:00:00 PM,31.27
745,16/02/2020,8:00:00 PM,31.42
746,16/02/2020,9:00:00 PM,31.50
747,16/02/2020,10:00:00 PM,31.52
748,16/02/2020,11:00:00 PM,31.48
749,17/02/2020,12:00:00 AM,31.41
750,17/02/2020,1:00:00 AM,31.32
751,17/02/2020,2:00:00 AM,31.22
752,17/02/2020,3:00:00 AM,31.11
753,17/02/2020,4:00:00 AM,31.00
754,17/02/2020,5:00:00 AM,30.89
755,17/02/2020,6:00:00 AM,30.79
756,17/02/2020,7:00:00 AM,30.68
757,17/02/2020,8:00:00 AM,30.58
758,17/02/2020,9:00:00 AM,30.47
759,17/02/2020,10:00:00 AM,30.39
760,17/02/2020,11:00:00 AM,30.33
761,17/02/2020,12:00:00 PM,30.31
762,17/02/2020,1:00:00 PM,30.35
763,17/02/2020,2:00:00 PM,30.44
764,17/02/2020,3:00:00 PM,30.58
765,17/02/2020,4:00:00 PM,30.77
766,17/02/2020,5:00:00 PM,31.00
767,17/02/2020,6:00:00 PM,31.24
768,17/02/2020,7:00:00 PM,31.47
769,17/02/2020,8:00:00 PM,31.65
770,17/02/2020,9:00:00 PM,31.77
771,17/02/2020,10:00:00 PM,31.83
772,17/02/2020,11:00:00 PM,31.85
773,18/02/2020,12:00:00 AM,31.83
774,18/02/2020,1:00:00 AM,31.80
775,18/02/2020,2:00:00 AM,31.74
776,18/02/2020,3:00:00 AM,31.68
777,18/02/2020,4:00:00 AM,31.62
778,18/02/2020,5:00:00 AM,31.55
779,18/02/2020,6:00:00 AM,31.48
780,18/02/2020,7:00:00 AM,31.42
781,18/02/2020,8:00:00 AM,31.35
782,18/02/2020,9:00:00 AM,31.29
783,18/02/2020,10:00:00 AM,31.23
784,18/02/2020,11:00:00 AM,31.21
785,18/02/2020,12:00:00 PM,31.23
786,18/02/2020,1:00:00 PM,31.33
787,18/02/2020,2:00:00 PM,31.49
788,18/02/2020,3:00:00 PM,31.73
789,18/02/2020,4:00:00 PM,32.00
790,18/02/2020,5:00:00 PM,32.29
791,18/02/2020,6:00:00 PM,32.56
792,18/02/2020,7:00:00 PM,32.81
793,18/02/2020,8:00:00 PM,33.00
794,18/02/2020,9:00:00 PM,33.11
795,18/02/2020,10:00:00 PM,33.17
796,18/02/2020,11:00:00 PM,33.17
797,19/02/2020,12:00:00 AM,33.15
798,19/02/2020,1:00:00 AM,33.10
799,19/02/2020,2:00:00 AM,33.03
800,19/02/2020,3:00:00 AM,32.91
801,19/02/2020,4:00:00 AM,32.74
802,19/02/2020,5:00:00 AM,32.56
803,19/02/2020,6:00:00 AM,32.40
804,19/02/2020,7:00:00 AM,32.26
805,19/02/2020,8:00:00 AM,32.13
806,19/02/2020,9:00:00 AM,32.01
807,19/02/2020,10:00:00 AM,31.90
808,19/02/2020,11:00:00 AM,31.81
809,19/02/2020,12:00:00 PM,31.76
810,19/02/2020,1:00:00 PM,31.74
811,19/02/2020,2:00:00 PM,31.73
812,19/02/2020,3:00:00 PM,31.71
813,19/02/2020,4:00:00 PM,31.65
814,19/02/2020,5:00:00 PM,31.55
815,19/02/2020,6:00:00 PM,31.45
816,19/02/2020,7:00:00 PM,31.36
817,19/02/2020,8:00:00 PM,31.29
818,19/02/2020,9:00:00 PM,31.22
819,19/02/2020,10:00:00 PM,31.15
820,19/02/2020,11:00:00 PM,31.09
821,20/02/2020,12:00:00 AM,31.03
822,20/02/2020,1:00:00 AM,30.98
823,20/02/2020,2:00:00 AM,30.92
824,20/02/2020,3:00:00 AM,30.86
825,20/02/2020,4:00:00 AM,30.82
826,20/02/2020,5:00:00 AM,30.77
827,20/02/2020,6:00:00 AM,30.73
828,20/02/2020,7:00:00 AM,30.69
829,20/02/2020,8:00:00 AM,30.66
830,20/02/2020,9:00:00 AM,30.62
831,20/02/2020,10:00:00 AM,30.59
832,20/02/2020,11:00:00 AM,30.58
833,20/02/2020,12:00:00 PM,30.60
834,20/02/2020,1:00:00 PM,30.65
835,20/02/2020,2:00:00 PM,30.74
836,20/02/2020,3:00:00 PM,30.85
837,20/02/2020,4:00:00 PM,30.99
838,20/02/2020,5:00:00 PM,31.13
839,20/02/2020,6:00:00 PM,31.25
840,20/02/2020,7:00:00 PM,31.34
841,20/02/2020,8:00:00 PM,31.39
842,20/02/2020,9:00:00 PM,31.41
843,20/02/2020,10:00:00 PM,31.41
844,20/02/2020,11:00:00 PM,31.39
845,21/02/2020,12:00:00 AM,31.36
846,21/02/2020,1:00:00 AM,31.33
847,21/02/2020,2:00:00 AM,31.29
848,21/02/2020,3:00:00 AM,31.25
849,21/02/2020,4:00:00 AM,31.21
850,21/02/2020,5:00:00 AM,31.17
851,21/02/2020,6:00:00 AM,31.11
852,21/02/2020,7:00:00 AM,31.05
853,21/02/2020,8:00:00 AM,30.98
854,21/02/2020,9:00:00 AM,30.92
855,21/02/2020,10:00:00 AM,30.87
856,21/02/2020,11:00:00 AM,30.84
857,21/02/2020,12:00:00 PM,30.83
858,21/02/2020,1:00:00 PM,30.87
859,21/02/2020,2:00:00 PM,30.94
860,21/02/2020,3:00:00 PM,31.04
861,21/02/2020,4:00:00 PM,31.15
862,21/02/2020,5:00:00 PM,31.27
863,21/02/2020,6:00:00 PM,31.39
864,21/02/2020,7:00:00 PM,31.50
865,21/02/2020,8:00:00 PM,31.58
866,21/02/2020,9:00:00 PM,31.63
867,21/02/2020,10:00:00 PM,31.65
868,21/02/2020,11:00:00 PM,31.64
869,22/02/2020,12:00:00 AM,31.62
870,22/02/2020,1:00:00 AM,31.59
871,22/02/2020,2:00:00 AM,31.55
872,22/02/2020,3:00:00 AM,31.51
873,22/02/2020,4:00:00 AM,31.47
874,22/02/2020,5:00:00 AM,31.43
875,22/02/2020,6:00:00 AM,31.38
876,22/02/2020,7:00:00 AM,31.34
877,22/02/2020,8:00:00 AM,31.29
878,22/02/2020,9:00:00 AM,31.25
879,22/02/2020,10:00:00 AM,31.21
880,22/02/2020,11:00:00 AM,31.19
881,22/02/2020,12:00:00 PM,31.19
882,22/02/2020,1:00:00 PM,31.22
883,22/02/2020,2:00:00 PM,31.32
884,22/02/2020,3:00:00 PM,31.46
885,22/02/2020,4:00:00 PM,31.64
886,22/02/2020,5:00:00 PM,31.81
887,22/02/2020,6:00:00 PM,31.98
888,22/02/2020,7:00:00 PM,32.13
889,22/02/2020,8:00:00 PM,32.25
890,22/02/2020,9:00:00 PM,32.34
891,22/02/2020,10:00:00 PM,32.38
892,22/02/2020,11:00:00 PM,32.38
893,23/02/2020,12:00:00 AM,32.37
894,23/02/2020,1:00:00 AM,32.33
895,23/02/2020,2:00:00 AM,32.29
896,23/02/2020,3:00:00 AM,32.24
897,23/02/2020,4:00:00 AM,32.18
898,23/02/2020,5:00:00 AM,32.11
899,23/02/2020,6:00:00 AM,31.99
900,23/02/2020,7:00:00 AM,31.85
901,23/02/2020,8:00:00 AM,31.72
902,23/02/2020,9:00:00 AM,31.60
903,23/02/2020,10:00:00 AM,31.49
904,23/02/2020,11:00:00 AM,31.42
905,23/02/2020,12:00:00 PM,31.41
906,23/02/2020,1:00:00 PM,31.46
907,23/02/2020,2:00:00 PM,31.56
908,23/02/2020,3:00:00 PM,31.70
909,23/02/2020,4:00:00 PM,31.87
910,23/02/2020,5:00:00 PM,32.05
911,23/02/2020,6:00:00 PM,32.23
912,23/02/2020,7:00:00 PM,32.39
913,23/02/2020,8:00:00 PM,32.50
914,23/02/2020,9:00:00 PM,32.56
915,23/02/2020,10:00:00 PM,32.59
916,23/02/2020,11:00:00 PM,32.57
917,24/02/2020,12:00:00 AM,32.54
918,24/02/2020,1:00:00 AM,32.49
919,24/02/2020,2:00:00 AM,32.43
920,24/02/2020,3:00:00 AM,32.36
921,24/02/2020,4:00:00 AM,32.28
922,24/02/2020,5:00:00 AM,32.20
923,24/02/2020,6:00:00 AM,32.06
924,24/02/2020,7:00:00 AM,31.92
925,24/02/2020,8:00:00 AM,31.78
926,24/02/2020,9:00:00 AM,31.62
927,24/02/2020,10:00:00 AM,31.39
928,24/02/2020,11:00:00 AM,31.25
929,24/02/2020,12:00:00 PM,31.17
930,24/02/2020,1:00:00 PM,31.14
931,24/02/2020,2:00:00 PM,31.16
932,24/02/2020,3:00:00 PM,31.23
933,24/02/2020,4:00:00 PM,31.32
934,24/02/2020,5:00:00 PM,31.42
935,24/02/2020,6:00:00 PM,31.50
936,24/02/2020,7:00:00 PM,31.56
937,24/02/2020,8:00:00 PM,31.60
938,24/02/2020,9:00:00 PM,31.61
939,24/02/2020,10:00:00 PM,31.60
940,24/02/2020,11:00:00 PM,31.58
941,25/02/2020,12:00:00 AM,31.54
942,25/02/2020,1:00:00 AM,31.51
943,25/02/2020,2:00:00 AM,31.46
944,25/02/2020,3:00:00 AM,31.41
945,25/02/2020,4:00:00 AM,31.36
946,25/02/2020,5:00:00 AM,31.31
947,25/02/2020,6:00:00 AM,31.26
948,25/02/2020,7:00:00 AM,31.20
949,25/02/2020,8:00:00 AM,31.15
950,25/02/2020,9:00:00 AM,31.10
951,25/02/2020,10:00:00 AM,31.06
952,25/02/2020,11:00:00 AM,31.04
953,25/02/2020,12:00:00 PM,31.04
954,25/02/2020,1:00:00 PM,31.09
955,25/02/2020,2:00:00 PM,31.19
956,25/02/2020,3:00:00 PM,31.35
957,25/02/2020,4:00:00 PM,31.56
958,25/02/2020,5:00:00 PM,31.79
959,25/02/2020,6:00:00 PM,32.03
960,25/02/2020,7:00:00 PM,32.24
961,25/02/2020,8:00:00 PM,32.40
962,25/02/2020,9:00:00 PM,32.51
963,25/02/2020,10:00:00 PM,32.57
964,25/02/2020,11:00:00 PM,32.59
965,26/02/2020,12:00:00 AM,32.58
966,26/02/2020,1:00:00 AM,32.55
967,26/02/2020,2:00:00 AM,32.50
968,26/02/2020,3:00:00 AM,32.44
969,26/02/2020,4:00:00 AM,32.38
970,26/02/2020,5:00:00 AM,32.30
971,26/02/2020,6:00:00 AM,32.23
972,26/02/2020,7:00:00 AM,32.15
973,26/02/2020,8:00:00 AM,32.08
974,26/02/2020,9:00:00 AM,32.01
975,26/02/2020,10:00:00 AM,31.94
976,26/02/2020,11:00:00 AM,31.89
977,26/02/2020,12:00:00 PM,31.88
978,26/02/2020,1:00:00 PM,31.92
979,26/02/2020,2:00:00 PM,32.03
980,26/02/2020,3:00:00 PM,32.18
981,26/02/2020,4:00:00 PM,32.38
982,26/02/2020,5:00:00 PM,32.62
983,26/02/2020,6:00:00 PM,32.85
984,26/02/2020,7:00:00 PM,33.06
985,26/02/2020,8:00:00 PM,33.21
986,26/02/2020,9:00:00 PM,33.30
987,26/02/2020,10:00:00 PM,33.32
988,26/02/2020,11:00:00 PM,33.29
989,27/02/2020,12:00:00 AM,33.24
990,27/02/2020,1:00:00 AM,33.16
991,27/02/2020,2:00:00 AM,33.07
992,27/02/2020,3:00:00 AM,32.96
993,27/02/2020,4:00:00 AM,32.85
994,27/02/2020,5:00:00 AM,32.75
995,27/02/2020,6:00:00 AM,32.64
996,27/02/2020,7:00:00 AM,32.53
997,27/02/2020,8:00:00 AM,32.43
998,27/02/2020,9:00:00 AM,32.32
999,27/02/2020,10:00:00 AM,32.23
1000,27/02/2020,11:00:00 AM,32.15
1001,27/02/2020,12:00:00 PM,32.09
1002,27/02/2020,1:00:00 PM,32.07
1003,27/02/2020,2:00:00 PM,32.09
1004,27/02/2020,3:00:00 PM,32.14
1005,27/02/2020,4:00:00 PM,32.23
1006,27/02/2020,5:00:00 PM,32.33
1007,27/02/2020,6:00:00 PM,32.45
1008,27/02/2020,7:00:00 PM,32.56
1009,27/02/2020,8:00:00 PM,32.65
1010,27/02/2020,9:00:00 PM,32.71
1011,27/02/2020,10:00:00 PM,32.74
1012,27/02/2020,11:00:00 PM,32.74
1013,28/02/2020,12:00:00 AM,32.71
1014,28/02/2020,1:00:00 AM,32.48
1015,28/02/2020,2:00:00 AM,32.10
1016,28/02/2020,3:00:00 AM,31.81
1017,28/02/2020,4:00:00 AM,31.60
1018,28/02/2020,5:00:00 AM,31.44
1019,28/02/2020,6:00:00 AM,31.31
1020,28/02/2020,7:00:00 AM,31.19
1021,28/02/2020,8:00:00 AM,31.09
1022,28/02/2020,9:00:00 AM,31.00
1023,28/02/2020,10:00:00 AM,30.93
1024,28/02/2020,11:00:00 AM,30.86
1025,28/02/2020,12:00:00 PM,30.82
1026,28/02/2020,1:00:00 PM,30.80
1027,28/02/2020,2:00:00 PM,30.81
1028,28/02/2020,3:00:00 PM,30.85
1029,28/02/2020,4:00:00 PM,30.91
1030,28/02/2020,5:00:00 PM,30.98
1031,28/02/2020,6:00:00 PM,31.06
1032,28/02/2020,7:00:00 PM,31.14
1033,28/02/2020,8:00:00 PM,31.22
1034,28/02/2020,9:00:00 PM,31.28
1035,28/02/2020,10:00:00 PM,31.32
1036,28/02/2020,11:00:00 PM,31.34
1037,29/02/2020,12:00:00 AM,31.33
1038,29/02/2020,1:00:00 AM,31.30
1039,29/02/2020,2:00:00 AM,31.26
1040,29/02/2020,3:00:00 AM,31.22
1041,29/02/2020,4:00:00 AM,31.16
1042,29/02/2020,5:00:00 AM,31.11
1043,29/02/2020,6:00:00 AM,31.06
1044,29/02/2020,7:00:00 AM,31.00
1045,29/02/2020,8:00:00 AM,30.95
1046,29/02/2020,9:00:00 AM,30.90
1047,29/02/2020,10:00:00 AM,30.85
1048,29/02/2020,11:00:00 AM,30.82
1049,29/02/2020,12:00:00 PM,30.81
1050,29/02/2020,1:00:00 PM,30.85
1051,29/02/2020,2:00:00 PM,30.95
1052,29/02/2020,3:00:00 PM,31.12
1053,29/02/2020,4:00:00 PM,31.35
1054,29/02/2020,5:00:00 PM,31.63
1055,29/02/2020,6:00:00 PM,31.91
1056,29/02/2020,7:00:00 PM,32.17
1057,29/02/2020,8:00:00 PM,32.37
1058,29/02/2020,9:00:00 PM,32.52
1059,29/02/2020,10:00:00 PM,32.61
1060,29/02/2020,11:00:00 PM,32.64
1061,01/03/2020,12:00:00 AM,32.65
1062,01/03/2020,1:00:00 AM,32.62
1063,01/03/2020,2:00:00 AM,32.58
1064,01/03/2020,3:00:00 AM,32.52
1065,01/03/2020,4:00:00 AM,32.45
1066,01/03/2020,5:00:00 AM,32.39
1067,01/03/2020,6:00:00 AM,32.31
1068,01/03/2020,7:00:00 AM,32.23
1069,01/03/2020,8:00:00 AM,32.15
1070,01/03/2020,9:00:00 AM,32.07
1071,01/03/2020,10:00:00 AM,32.00
1072,01/03/2020,11:00:00 AM,31.95
1073,01/03/2020,12:00:00 PM,31.95
1074,01/03/2020,1:00:00 PM,31.99
1075,01/03/2020,2:00:00 PM,32.06
1076,01/03/2020,3:00:00 PM,32.14
1077,01/03/2020,4:00:00 PM,32.26
1078,01/03/2020,5:00:00 PM,32.40
1079,01/03/2020,6:00:00 PM,32.54
1080,01/03/2020,7:00:00 PM,32.65
1081,01/03/2020,8:00:00 PM,32.73
1082,01/03/2020,9:00:00 PM,32.78
1083,01/03/2020,10:00:00 PM,32.79
1084,01/03/2020,11:00:00 PM,32.79
1085,02/03/2020,12:00:00 AM,32.77
1086,02/03/2020,1:00:00 AM,32.72
1087,02/03/2020,2:00:00 AM,32.68
1088,02/03/2020,3:00:00 AM,32.64
1089,02/03/2020,4:00:00 AM,32.56
1090,02/03/2020,5:00:00 AM,32.46
1091,02/03/2020,6:00:00 AM,32.46
1092,02/03/2020,7:00:00 AM,32.38
1093,02/03/2020,8:00:00 AM,32.32
1094,02/03/2020,9:00:00 AM,32.35
1095,02/03/2020,10:00:00 AM,32.33
1096,02/03/2020,11:00:00 AM,32.28
1097,02/03/2020,12:00:00 PM,32.33
1098,02/03/2020,1:00:00 PM,32.44
1099,02/03/2020,2:00:00 PM,32.53
1100,02/03/2020,3:00:00 PM,32.68
1101,02/03/2020,4:00:00 PM,32.85
1102,02/03/2020,5:00:00 PM,32.98
1103,02/03/2020,6:00:00 PM,33.22
1104,02/03/2020,7:00:00 PM,33.44
1105,02/03/2020,8:00:00 PM,33.61
1106,02/03/2020,9:00:00 PM,33.79
1107,02/03/2020,10:00:00 PM,33.88
1108,02/03/2020,11:00:00 PM,33.99
1109,03/03/2020,12:00:00 AM,33.97
1110,03/03/2020,1:00:00 AM,33.98
1111,03/03/2020,2:00:00 AM,33.99
1112,03/03/2020,3:00:00 AM,33.79
1113,03/03/2020,4:00:00 AM,33.74
1114,03/03/2020,5:00:00 AM,33.70
1115,03/03/2020,6:00:00 AM,33.58
1116,03/03/2020,7:00:00 AM,33.53
1117,03/03/2020,8:00:00 AM,33.37
1118,03/03/2020,9:00:00 AM,33.28
1119,03/03/2020,10:00:00 AM,33.21
1120,03/03/2020,11:00:00 AM,33.22
1121,03/03/2020,12:00:00 PM,33.20
1122,03/03/2020,1:00:00 PM,33.20
1123,03/03/2020,2:00:00 PM,33.27
1124,03/03/2020,3:00:00 PM,33.44
1125,03/03/2020,4:00:00 PM,33.69
1126,03/03/2020,5:00:00 PM,33.95
1127,03/03/2020,6:00:00 PM,34.11
1128,03/03/2020,7:00:00 PM,34.32
1129,03/03/2020,8:00:00 PM,34.56
1130,03/03/2020,9:00:00 PM,34.74
1131,03/03/2020,10:00:00 PM,34.85
1132,03/03/2020,11:00:00 PM,34.88
1133,04/03/2020,12:00:00 AM,34.85
1134,04/03/2020,1:00:00 AM,34.79
1135,04/03/2020,2:00:00 AM,34.76
1136,04/03/2020,3:00:00 AM,34.95
1137,04/03/2020,4:00:00 AM,34.86
1138,04/03/2020,5:00:00 AM,34.70
1139,04/03/2020,6:00:00 AM,34.44
1140,04/03/2020,7:00:00 AM,34.16
1141,04/03/2020,8:00:00 AM,33.90
1142,04/03/2020,9:00:00 AM,33.69
1143,04/03/2020,10:00:00 AM,33.50
1144,04/03/2020,11:00:00 AM,33.33
1145,04/03/2020,12:00:00 PM,33.19
1146,04/03/2020,1:00:00 PM,33.06
1147,04/03/2020,2:00:00 PM,32.96
1148,04/03/2020,3:00:00 PM,32.88
1149,04/03/2020,4:00:00 PM,32.81
1150,04/03/2020,5:00:00 PM,32.76
1151,04/03/2020,6:00:00 PM,32.74
1152,04/03/2020,7:00:00 PM,32.75
1153,04/03/2020,8:00:00 PM,32.75
1154,04/03/2020,9:00:00 PM,32.74
1155,04/03/2020,10:00:00 PM,32.72
1156,04/03/2020,11:00:00 PM,32.68
1157,05/03/2020,12:00:00 AM,32.63
1158,05/03/2020,1:00:00 AM,32.56
1159,05/03/2020,2:00:00 AM,32.48
1160,05/03/2020,3:00:00 AM,32.40
1161,05/03/2020,4:00:00 AM,32.31
1162,05/03/2020,5:00:00 AM,32.19
1163,05/03/2020,6:00:00 AM,32.01
1164,05/03/2020,7:00:00 AM,31.83
1165,05/03/2020,8:00:00 AM,31.66
1166,05/03/2020,9:00:00 AM,31.51
1167,05/03/2020,10:00:00 AM,31.38
1168,05/03/2020,11:00:00 AM,31.28
1169,05/03/2020,12:00:00 PM,31.22
1170,05/03/2020,1:00:00 PM,31.22
1171,05/03/2020,2:00:00 PM,31.29
1172,05/03/2020,3:00:00 PM,31.43
1173,05/03/2020,4:00:00 PM,31.63
1174,05/03/2020,5:00:00 PM,31.85
1175,05/03/2020,6:00:00 PM,32.06
1176,05/03/2020,7:00:00 PM,32.24
1177,05/03/2020,8:00:00 PM,32.43
1178,05/03/2020,9:00:00 PM,32.65
1179,05/03/2020,10:00:00 PM,32.54
1180,05/03/2020,11:00:00 PM,32.35
1181,06/03/2020,12:00:00 AM,32.17
1182,06/03/2020,1:00:00 AM,32.01
1183,06/03/2020,2:00:00 AM,31.87
1184,06/03/2020,3:00:00 AM,31.74
1185,06/03/2020,4:00:00 AM,31.62
1186,06/03/2020,5:00:00 AM,31.50
1187,06/03/2020,6:00:00 AM,31.38
1188,06/03/2020,7:00:00 AM,31.27
1189,06/03/2020,8:00:00 AM,31.16
1190,06/03/2020,9:00:00 AM,31.06
1191,06/03/2020,10:00:00 AM,30.98
1192,06/03/2020,11:00:00 AM,30.92
1193,06/03/2020,12:00:00 PM,30.89
1194,06/03/2020,1:00:00 PM,30.92
1195,06/03/2020,2:00:00 PM,31.01
1196,06/03/2020,3:00:00 PM,31.16
1197,06/03/2020,4:00:00 PM,31.37
1198,06/03/2020,5:00:00 PM,31.61
1199,06/03/2020,6:00:00 PM,31.86
1200,06/03/2020,7:00:00 PM,32.09
1201,06/03/2020,8:00:00 PM,32.28
1202,06/03/2020,9:00:00 PM,32.41
1203,06/03/2020,10:00:00 PM,32.49
1204,06/03/2020,11:00:00 PM,32.52
,,,
,,,
,,,
,,,
,,,
,,,
,,,
,,,
,,,
,,,
,,,
,,,
,,,
,,,
,,,
,,,
,,,
,,,
,,,
,,,
,,,
,,,
,,,
,,,
,,,
,,,
,,,
,,,
,,,
,,,
,,,
,,,
,,,
,,,
,,,
,,,
,,,
,,,
,,,
,,,
,,,
,,,
,,,
,,,
,,,
,,,
,,,
,,,
,,,
,,,
,,,
,,,
,,,
,,,
,,,
,,,
,,,
,,,
,,,
,,,
,,,
,,,
,,,
