"","temperature","datetime","datetime_UTC","time"
"1",28.88,"2020-01-09 02:00:00","2020-01-09 05:00:00",0
"2",29.29,"2020-01-09 03:00:00","2020-01-09 06:00:00",60
"3",29.4,"2020-01-09 04:00:00","2020-01-09 07:00:00",120
"4",29.47,"2020-01-09 05:00:00","2020-01-09 08:00:00",180
"5",29.51,"2020-01-09 06:00:00","2020-01-09 09:00:00",240
"6",29.58,"2020-01-09 07:00:00","2020-01-09 10:00:00",300
"7",29.64,"2020-01-09 08:00:00","2020-01-09 11:00:00",360
"8",29.7,"2020-01-09 09:00:00","2020-01-09 12:00:00",420
"9",29.76,"2020-01-09 10:00:00","2020-01-09 13:00:00",480
"10",29.8,"2020-01-09 11:00:00","2020-01-09 14:00:00",540
"11",29.84,"2020-01-09 12:00:00","2020-01-09 15:00:00",600
"12",29.87,"2020-01-09 13:00:00","2020-01-09 16:00:00",660
"13",29.9,"2020-01-09 14:00:00","2020-01-09 17:00:00",720
"14",29.92,"2020-01-09 15:00:00","2020-01-09 18:00:00",780
"15",29.93,"2020-01-09 16:00:00","2020-01-09 19:00:00",840
"16",29.94,"2020-01-09 17:00:00","2020-01-09 20:00:00",900
"17",29.95,"2020-01-09 18:00:00","2020-01-09 21:00:00",960
"18",29.96,"2020-01-09 19:00:00","2020-01-09 22:00:00",1020
"19",29.97,"2020-01-09 20:00:00","2020-01-09 23:00:00",1080
"20",29.97,"2020-01-09 21:00:00","2020-01-10 00:00:00",1140
"21",29.97,"2020-01-09 22:00:00","2020-01-10 01:00:00",1200
"22",29.98,"2020-01-09 23:00:00","2020-01-10 02:00:00",1260
"23",29.98,"2020-01-10 00:00:00","2020-01-10 03:00:00",1320
"24",29.98,"2020-01-10 01:00:00","2020-01-10 04:00:00",1380
"25",29.99,"2020-01-10 02:00:00","2020-01-10 05:00:00",1440
"26",29.99,"2020-01-10 03:00:00","2020-01-10 06:00:00",1500
"27",29.99,"2020-01-10 04:00:00","2020-01-10 07:00:00",1560
"28",30,"2020-01-10 05:00:00","2020-01-10 08:00:00",1620
"29",30,"2020-01-10 06:00:00","2020-01-10 09:00:00",1680
"30",30.01,"2020-01-10 07:00:00","2020-01-10 10:00:00",1740
"31",30.01,"2020-01-10 08:00:00","2020-01-10 11:00:00",1800
"32",30.02,"2020-01-10 09:00:00","2020-01-10 12:00:00",1860
"33",30.03,"2020-01-10 10:00:00","2020-01-10 13:00:00",1920
"34",30.03,"2020-01-10 11:00:00","2020-01-10 14:00:00",1980
"35",30.04,"2020-01-10 12:00:00","2020-01-10 15:00:00",2040
"36",30.04,"2020-01-10 13:00:00","2020-01-10 16:00:00",2100
"37",30.05,"2020-01-10 14:00:00","2020-01-10 17:00:00",2160
"38",30.05,"2020-01-10 15:00:00","2020-01-10 18:00:00",2220
"39",30.06,"2020-01-10 16:00:00","2020-01-10 19:00:00",2280
"40",30.06,"2020-01-10 17:00:00","2020-01-10 20:00:00",2340
"41",30.07,"2020-01-10 18:00:00","2020-01-10 21:00:00",2400
"42",30.07,"2020-01-10 19:00:00","2020-01-10 22:00:00",2460
"43",30.07,"2020-01-10 20:00:00","2020-01-10 23:00:00",2520
"44",30.08,"2020-01-10 21:00:00","2020-01-11 00:00:00",2580
"45",30.08,"2020-01-10 22:00:00","2020-01-11 01:00:00",2640
"46",30.09,"2020-01-10 23:00:00","2020-01-11 02:00:00",2700
"47",30.09,"2020-01-11 00:00:00","2020-01-11 03:00:00",2760
"48",30.1,"2020-01-11 01:00:00","2020-01-11 04:00:00",2820
"49",30.11,"2020-01-11 02:00:00","2020-01-11 05:00:00",2880
"50",30.11,"2020-01-11 03:00:00","2020-01-11 06:00:00",2940
"51",30.12,"2020-01-11 04:00:00","2020-01-11 07:00:00",3000
"52",30.13,"2020-01-11 05:00:00","2020-01-11 08:00:00",3060
"53",30.14,"2020-01-11 06:00:00","2020-01-11 09:00:00",3120
"54",30.15,"2020-01-11 07:00:00","2020-01-11 10:00:00",3180
"55",30.16,"2020-01-11 08:00:00","2020-01-11 11:00:00",3240
"56",30.17,"2020-01-11 09:00:00","2020-01-11 12:00:00",3300
"57",30.18,"2020-01-11 10:00:00","2020-01-11 13:00:00",3360
"58",30.19,"2020-01-11 11:00:00","2020-01-11 14:00:00",3420
"59",30.2,"2020-01-11 12:00:00","2020-01-11 15:00:00",3480
"60",30.21,"2020-01-11 13:00:00","2020-01-11 16:00:00",3540
"61",30.22,"2020-01-11 14:00:00","2020-01-11 17:00:00",3600
"62",30.22,"2020-01-11 15:00:00","2020-01-11 18:00:00",3660
"63",30.23,"2020-01-11 16:00:00","2020-01-11 19:00:00",3720
"64",30.24,"2020-01-11 17:00:00","2020-01-11 20:00:00",3780
"65",30.24,"2020-01-11 18:00:00","2020-01-11 21:00:00",3840
"66",30.25,"2020-01-11 19:00:00","2020-01-11 22:00:00",3900
"67",30.25,"2020-01-11 20:00:00","2020-01-11 23:00:00",3960
"68",30.26,"2020-01-11 21:00:00","2020-01-12 00:00:00",4020
"69",30.26,"2020-01-11 22:00:00","2020-01-12 01:00:00",4080
"70",30.27,"2020-01-11 23:00:00","2020-01-12 02:00:00",4140
"71",30.28,"2020-01-12 00:00:00","2020-01-12 03:00:00",4200
"72",30.28,"2020-01-12 01:00:00","2020-01-12 04:00:00",4260
"73",30.29,"2020-01-12 02:00:00","2020-01-12 05:00:00",4320
"74",30.3,"2020-01-12 03:00:00","2020-01-12 06:00:00",4380
"75",30.31,"2020-01-12 04:00:00","2020-01-12 07:00:00",4440
"76",30.32,"2020-01-12 05:00:00","2020-01-12 08:00:00",4500
"77",30.33,"2020-01-12 06:00:00","2020-01-12 09:00:00",4560
"78",30.34,"2020-01-12 07:00:00","2020-01-12 10:00:00",4620
"79",30.35,"2020-01-12 08:00:00","2020-01-12 11:00:00",4680
"80",30.36,"2020-01-12 09:00:00","2020-01-12 12:00:00",4740
"81",30.37,"2020-01-12 10:00:00","2020-01-12 13:00:00",4800
"82",30.38,"2020-01-12 11:00:00","2020-01-12 14:00:00",4860
"83",30.39,"2020-01-12 12:00:00","2020-01-12 15:00:00",4920
"84",30.4,"2020-01-12 13:00:00","2020-01-12 16:00:00",4980
"85",30.41,"2020-01-12 14:00:00","2020-01-12 17:00:00",5040
"86",30.41,"2020-01-12 15:00:00","2020-01-12 18:00:00",5100
"87",30.42,"2020-01-12 16:00:00","2020-01-12 19:00:00",5160
"88",30.43,"2020-01-12 17:00:00","2020-01-12 20:00:00",5220
"89",30.43,"2020-01-12 18:00:00","2020-01-12 21:00:00",5280
"90",30.44,"2020-01-12 19:00:00","2020-01-12 22:00:00",5340
"91",30.44,"2020-01-12 20:00:00","2020-01-12 23:00:00",5400
"92",30.45,"2020-01-12 21:00:00","2020-01-13 00:00:00",5460
"93",30.45,"2020-01-12 22:00:00","2020-01-13 01:00:00",5520
"94",30.46,"2020-01-12 23:00:00","2020-01-13 02:00:00",5580
"95",30.47,"2020-01-13 00:00:00","2020-01-13 03:00:00",5640
"96",30.48,"2020-01-13 01:00:00","2020-01-13 04:00:00",5700
"97",30.49,"2020-01-13 02:00:00","2020-01-13 05:00:00",5760
"98",30.5,"2020-01-13 03:00:00","2020-01-13 06:00:00",5820
"99",30.52,"2020-01-13 04:00:00","2020-01-13 07:00:00",5880
"100",30.55,"2020-01-13 05:00:00","2020-01-13 08:00:00",5940
"101",30.57,"2020-01-13 06:00:00","2020-01-13 09:00:00",6000
"102",30.59,"2020-01-13 07:00:00","2020-01-13 10:00:00",6060
"103",30.6,"2020-01-13 08:00:00","2020-01-13 11:00:00",6120
"104",30.61,"2020-01-13 09:00:00","2020-01-13 12:00:00",6180
"105",30.63,"2020-01-13 10:00:00","2020-01-13 13:00:00",6240
"106",30.63,"2020-01-13 11:00:00","2020-01-13 14:00:00",6300
"107",30.63,"2020-01-13 12:00:00","2020-01-13 15:00:00",6360
"108",30.63,"2020-01-13 13:00:00","2020-01-13 16:00:00",6420
"109",30.63,"2020-01-13 14:00:00","2020-01-13 17:00:00",6480
"110",30.62,"2020-01-13 15:00:00","2020-01-13 18:00:00",6540
"111",30.61,"2020-01-13 16:00:00","2020-01-13 19:00:00",6600
"112",30.6,"2020-01-13 17:00:00","2020-01-13 20:00:00",6660
"113",30.58,"2020-01-13 18:00:00","2020-01-13 21:00:00",6720
"114",30.57,"2020-01-13 19:00:00","2020-01-13 22:00:00",6780
"115",30.55,"2020-01-13 20:00:00","2020-01-13 23:00:00",6840
"116",30.54,"2020-01-13 21:00:00","2020-01-14 00:00:00",6900
"117",30.52,"2020-01-13 22:00:00","2020-01-14 01:00:00",6960
"118",30.51,"2020-01-13 23:00:00","2020-01-14 02:00:00",7020
"119",30.51,"2020-01-14 00:00:00","2020-01-14 03:00:00",7080
"120",30.5,"2020-01-14 01:00:00","2020-01-14 04:00:00",7140
"121",30.49,"2020-01-14 02:00:00","2020-01-14 05:00:00",7200
"122",30.48,"2020-01-14 03:00:00","2020-01-14 06:00:00",7260
"123",30.48,"2020-01-14 04:00:00","2020-01-14 07:00:00",7320
"124",30.47,"2020-01-14 05:00:00","2020-01-14 08:00:00",7380
"125",30.47,"2020-01-14 06:00:00","2020-01-14 09:00:00",7440
"126",30.47,"2020-01-14 07:00:00","2020-01-14 10:00:00",7500
"127",30.46,"2020-01-14 08:00:00","2020-01-14 11:00:00",7560
"128",30.46,"2020-01-14 09:00:00","2020-01-14 12:00:00",7620
"129",30.45,"2020-01-14 10:00:00","2020-01-14 13:00:00",7680
"130",30.45,"2020-01-14 11:00:00","2020-01-14 14:00:00",7740
"131",30.44,"2020-01-14 12:00:00","2020-01-14 15:00:00",7800
"132",30.44,"2020-01-14 13:00:00","2020-01-14 16:00:00",7860
"133",30.44,"2020-01-14 14:00:00","2020-01-14 17:00:00",7920
"134",30.43,"2020-01-14 15:00:00","2020-01-14 18:00:00",7980
"135",30.43,"2020-01-14 16:00:00","2020-01-14 19:00:00",8040
"136",30.43,"2020-01-14 17:00:00","2020-01-14 20:00:00",8100
"137",30.42,"2020-01-14 18:00:00","2020-01-14 21:00:00",8160
"138",30.42,"2020-01-14 19:00:00","2020-01-14 22:00:00",8220
"139",30.42,"2020-01-14 20:00:00","2020-01-14 23:00:00",8280
"140",30.42,"2020-01-14 21:00:00","2020-01-15 00:00:00",8340
"141",30.42,"2020-01-14 22:00:00","2020-01-15 01:00:00",8400
"142",30.41,"2020-01-14 23:00:00","2020-01-15 02:00:00",8460
"143",30.41,"2020-01-15 00:00:00","2020-01-15 03:00:00",8520
"144",30.41,"2020-01-15 01:00:00","2020-01-15 04:00:00",8580
"145",30.42,"2020-01-15 02:00:00","2020-01-15 05:00:00",8640
"146",30.42,"2020-01-15 03:00:00","2020-01-15 06:00:00",8700
"147",30.42,"2020-01-15 04:00:00","2020-01-15 07:00:00",8760
"148",30.43,"2020-01-15 05:00:00","2020-01-15 08:00:00",8820
"149",30.43,"2020-01-15 06:00:00","2020-01-15 09:00:00",8880
"150",30.44,"2020-01-15 07:00:00","2020-01-15 10:00:00",8940
"151",30.44,"2020-01-15 08:00:00","2020-01-15 11:00:00",9000
"152",30.45,"2020-01-15 09:00:00","2020-01-15 12:00:00",9060
"153",30.46,"2020-01-15 10:00:00","2020-01-15 13:00:00",9120
"154",30.47,"2020-01-15 11:00:00","2020-01-15 14:00:00",9180
"155",30.47,"2020-01-15 12:00:00","2020-01-15 15:00:00",9240
"156",30.48,"2020-01-15 13:00:00","2020-01-15 16:00:00",9300
"157",30.49,"2020-01-15 14:00:00","2020-01-15 17:00:00",9360
"158",30.49,"2020-01-15 15:00:00","2020-01-15 18:00:00",9420
"159",30.5,"2020-01-15 16:00:00","2020-01-15 19:00:00",9480
"160",30.5,"2020-01-15 17:00:00","2020-01-15 20:00:00",9540
"161",30.51,"2020-01-15 18:00:00","2020-01-15 21:00:00",9600
"162",30.51,"2020-01-15 19:00:00","2020-01-15 22:00:00",9660
"163",30.51,"2020-01-15 20:00:00","2020-01-15 23:00:00",9720
"164",30.52,"2020-01-15 21:00:00","2020-01-16 00:00:00",9780
"165",30.52,"2020-01-15 22:00:00","2020-01-16 01:00:00",9840
"166",30.53,"2020-01-15 23:00:00","2020-01-16 02:00:00",9900
"167",30.53,"2020-01-16 00:00:00","2020-01-16 03:00:00",9960
"168",30.54,"2020-01-16 01:00:00","2020-01-16 04:00:00",10020
"169",30.54,"2020-01-16 02:00:00","2020-01-16 05:00:00",10080
"170",30.55,"2020-01-16 03:00:00","2020-01-16 06:00:00",10140
"171",30.56,"2020-01-16 04:00:00","2020-01-16 07:00:00",10200
"172",30.57,"2020-01-16 05:00:00","2020-01-16 08:00:00",10260
"173",30.59,"2020-01-16 06:00:00","2020-01-16 09:00:00",10320
"174",30.6,"2020-01-16 07:00:00","2020-01-16 10:00:00",10380
"175",30.62,"2020-01-16 08:00:00","2020-01-16 11:00:00",10440
"176",30.63,"2020-01-16 09:00:00","2020-01-16 12:00:00",10500
"177",30.64,"2020-01-16 10:00:00","2020-01-16 13:00:00",10560
"178",30.65,"2020-01-16 11:00:00","2020-01-16 14:00:00",10620
"179",30.66,"2020-01-16 12:00:00","2020-01-16 15:00:00",10680
"180",30.66,"2020-01-16 13:00:00","2020-01-16 16:00:00",10740
"181",30.67,"2020-01-16 14:00:00","2020-01-16 17:00:00",10800
"182",30.67,"2020-01-16 15:00:00","2020-01-16 18:00:00",10860
"183",30.68,"2020-01-16 16:00:00","2020-01-16 19:00:00",10920
"184",30.68,"2020-01-16 17:00:00","2020-01-16 20:00:00",10980
"185",30.68,"2020-01-16 18:00:00","2020-01-16 21:00:00",11040
"186",30.68,"2020-01-16 19:00:00","2020-01-16 22:00:00",11100
"187",30.68,"2020-01-16 20:00:00","2020-01-16 23:00:00",11160
"188",30.68,"2020-01-16 21:00:00","2020-01-17 00:00:00",11220
"189",30.68,"2020-01-16 22:00:00","2020-01-17 01:00:00",11280
"190",30.68,"2020-01-16 23:00:00","2020-01-17 02:00:00",11340
"191",30.68,"2020-01-17 00:00:00","2020-01-17 03:00:00",11400
"192",30.67,"2020-01-17 01:00:00","2020-01-17 04:00:00",11460
"193",30.67,"2020-01-17 02:00:00","2020-01-17 05:00:00",11520
"194",30.67,"2020-01-17 03:00:00","2020-01-17 06:00:00",11580
"195",30.67,"2020-01-17 04:00:00","2020-01-17 07:00:00",11640
"196",30.67,"2020-01-17 05:00:00","2020-01-17 08:00:00",11700
"197",30.67,"2020-01-17 06:00:00","2020-01-17 09:00:00",11760
"198",30.67,"2020-01-17 07:00:00","2020-01-17 10:00:00",11820
"199",30.67,"2020-01-17 08:00:00","2020-01-17 11:00:00",11880
"200",30.67,"2020-01-17 09:00:00","2020-01-17 12:00:00",11940
"201",30.66,"2020-01-17 10:00:00","2020-01-17 13:00:00",12000
"202",30.66,"2020-01-17 11:00:00","2020-01-17 14:00:00",12060
"203",30.66,"2020-01-17 12:00:00","2020-01-17 15:00:00",12120
"204",30.66,"2020-01-17 13:00:00","2020-01-17 16:00:00",12180
"205",30.65,"2020-01-17 14:00:00","2020-01-17 17:00:00",12240
"206",30.65,"2020-01-17 15:00:00","2020-01-17 18:00:00",12300
"207",30.65,"2020-01-17 16:00:00","2020-01-17 19:00:00",12360
"208",30.64,"2020-01-17 17:00:00","2020-01-17 20:00:00",12420
"209",30.64,"2020-01-17 18:00:00","2020-01-17 21:00:00",12480
"210",30.64,"2020-01-17 19:00:00","2020-01-17 22:00:00",12540
"211",30.63,"2020-01-17 20:00:00","2020-01-17 23:00:00",12600
"212",30.63,"2020-01-17 21:00:00","2020-01-18 00:00:00",12660
"213",30.63,"2020-01-17 22:00:00","2020-01-18 01:00:00",12720
"214",30.63,"2020-01-17 23:00:00","2020-01-18 02:00:00",12780
"215",30.63,"2020-01-18 00:00:00","2020-01-18 03:00:00",12840
"216",30.63,"2020-01-18 01:00:00","2020-01-18 04:00:00",12900
"217",30.63,"2020-01-18 02:00:00","2020-01-18 05:00:00",12960
"218",30.63,"2020-01-18 03:00:00","2020-01-18 06:00:00",13020
"219",30.63,"2020-01-18 04:00:00","2020-01-18 07:00:00",13080
"220",30.63,"2020-01-18 05:00:00","2020-01-18 08:00:00",13140
"221",30.63,"2020-01-18 06:00:00","2020-01-18 09:00:00",13200
"222",30.63,"2020-01-18 07:00:00","2020-01-18 10:00:00",13260
"223",30.63,"2020-01-18 08:00:00","2020-01-18 11:00:00",13320
"224",30.63,"2020-01-18 09:00:00","2020-01-18 12:00:00",13380
"225",30.64,"2020-01-18 10:00:00","2020-01-18 13:00:00",13440
"226",30.64,"2020-01-18 11:00:00","2020-01-18 14:00:00",13500
"227",30.64,"2020-01-18 12:00:00","2020-01-18 15:00:00",13560
"228",30.64,"2020-01-18 13:00:00","2020-01-18 16:00:00",13620
"229",30.64,"2020-01-18 14:00:00","2020-01-18 17:00:00",13680
"230",30.63,"2020-01-18 15:00:00","2020-01-18 18:00:00",13740
"231",30.63,"2020-01-18 16:00:00","2020-01-18 19:00:00",13800
"232",30.63,"2020-01-18 17:00:00","2020-01-18 20:00:00",13860
"233",30.63,"2020-01-18 18:00:00","2020-01-18 21:00:00",13920
"234",30.63,"2020-01-18 19:00:00","2020-01-18 22:00:00",13980
"235",30.62,"2020-01-18 20:00:00","2020-01-18 23:00:00",14040
"236",30.62,"2020-01-18 21:00:00","2020-01-19 00:00:00",14100
"237",30.62,"2020-01-18 22:00:00","2020-01-19 01:00:00",14160
"238",30.61,"2020-01-18 23:00:00","2020-01-19 02:00:00",14220
"239",30.61,"2020-01-19 00:00:00","2020-01-19 03:00:00",14280
"240",30.61,"2020-01-19 01:00:00","2020-01-19 04:00:00",14340
"241",30.61,"2020-01-19 02:00:00","2020-01-19 05:00:00",14400
"242",30.61,"2020-01-19 03:00:00","2020-01-19 06:00:00",14460
"243",30.61,"2020-01-19 04:00:00","2020-01-19 07:00:00",14520
"244",30.61,"2020-01-19 05:00:00","2020-01-19 08:00:00",14580
"245",30.61,"2020-01-19 06:00:00","2020-01-19 09:00:00",14640
"246",30.61,"2020-01-19 07:00:00","2020-01-19 10:00:00",14700
"247",30.62,"2020-01-19 08:00:00","2020-01-19 11:00:00",14760
"248",30.62,"2020-01-19 09:00:00","2020-01-19 12:00:00",14820
"249",30.62,"2020-01-19 10:00:00","2020-01-19 13:00:00",14880
"250",30.62,"2020-01-19 11:00:00","2020-01-19 14:00:00",14940
"251",30.63,"2020-01-19 12:00:00","2020-01-19 15:00:00",15000
"252",30.63,"2020-01-19 13:00:00","2020-01-19 16:00:00",15060
"253",30.63,"2020-01-19 14:00:00","2020-01-19 17:00:00",15120
"254",30.63,"2020-01-19 15:00:00","2020-01-19 18:00:00",15180
"255",30.63,"2020-01-19 16:00:00","2020-01-19 19:00:00",15240
"256",30.63,"2020-01-19 17:00:00","2020-01-19 20:00:00",15300
"257",30.63,"2020-01-19 18:00:00","2020-01-19 21:00:00",15360
"258",30.63,"2020-01-19 19:00:00","2020-01-19 22:00:00",15420
"259",30.63,"2020-01-19 20:00:00","2020-01-19 23:00:00",15480
"260",30.63,"2020-01-19 21:00:00","2020-01-20 00:00:00",15540
"261",30.63,"2020-01-19 22:00:00","2020-01-20 01:00:00",15600
"262",30.63,"2020-01-19 23:00:00","2020-01-20 02:00:00",15660
"263",30.64,"2020-01-20 00:00:00","2020-01-20 03:00:00",15720
"264",30.64,"2020-01-20 01:00:00","2020-01-20 04:00:00",15780
"265",30.64,"2020-01-20 02:00:00","2020-01-20 05:00:00",15840
"266",30.65,"2020-01-20 03:00:00","2020-01-20 06:00:00",15900
"267",30.65,"2020-01-20 04:00:00","2020-01-20 07:00:00",15960
"268",30.66,"2020-01-20 05:00:00","2020-01-20 08:00:00",16020
"269",30.66,"2020-01-20 06:00:00","2020-01-20 09:00:00",16080
"270",30.67,"2020-01-20 07:00:00","2020-01-20 10:00:00",16140
"271",30.68,"2020-01-20 08:00:00","2020-01-20 11:00:00",16200
"272",30.69,"2020-01-20 09:00:00","2020-01-20 12:00:00",16260
"273",30.7,"2020-01-20 10:00:00","2020-01-20 13:00:00",16320
"274",30.7,"2020-01-20 11:00:00","2020-01-20 14:00:00",16380
"275",30.71,"2020-01-20 12:00:00","2020-01-20 15:00:00",16440
"276",30.72,"2020-01-20 13:00:00","2020-01-20 16:00:00",16500
"277",30.73,"2020-01-20 14:00:00","2020-01-20 17:00:00",16560
"278",30.73,"2020-01-20 15:00:00","2020-01-20 18:00:00",16620
"279",30.74,"2020-01-20 16:00:00","2020-01-20 19:00:00",16680
"280",30.74,"2020-01-20 17:00:00","2020-01-20 20:00:00",16740
"281",30.75,"2020-01-20 18:00:00","2020-01-20 21:00:00",16800
"282",30.75,"2020-01-20 19:00:00","2020-01-20 22:00:00",16860
"283",30.76,"2020-01-20 20:00:00","2020-01-20 23:00:00",16920
"284",30.76,"2020-01-20 21:00:00","2020-01-21 00:00:00",16980
"285",30.77,"2020-01-20 22:00:00","2020-01-21 01:00:00",17040
"286",30.77,"2020-01-20 23:00:00","2020-01-21 02:00:00",17100
"287",30.78,"2020-01-21 00:00:00","2020-01-21 03:00:00",17160
"288",30.78,"2020-01-21 01:00:00","2020-01-21 04:00:00",17220
"289",30.79,"2020-01-21 02:00:00","2020-01-21 05:00:00",17280
"290",30.79,"2020-01-21 03:00:00","2020-01-21 06:00:00",17340
"291",30.8,"2020-01-21 04:00:00","2020-01-21 07:00:00",17400
"292",30.81,"2020-01-21 05:00:00","2020-01-21 08:00:00",17460
"293",30.82,"2020-01-21 06:00:00","2020-01-21 09:00:00",17520
"294",30.83,"2020-01-21 07:00:00","2020-01-21 10:00:00",17580
"295",30.84,"2020-01-21 08:00:00","2020-01-21 11:00:00",17640
"296",30.85,"2020-01-21 09:00:00","2020-01-21 12:00:00",17700
"297",30.86,"2020-01-21 10:00:00","2020-01-21 13:00:00",17760
"298",30.87,"2020-01-21 11:00:00","2020-01-21 14:00:00",17820
"299",30.87,"2020-01-21 12:00:00","2020-01-21 15:00:00",17880
"300",30.88,"2020-01-21 13:00:00","2020-01-21 16:00:00",17940
"301",30.89,"2020-01-21 14:00:00","2020-01-21 17:00:00",18000
"302",30.9,"2020-01-21 15:00:00","2020-01-21 18:00:00",18060
"303",30.9,"2020-01-21 16:00:00","2020-01-21 19:00:00",18120
"304",30.91,"2020-01-21 17:00:00","2020-01-21 20:00:00",18180
"305",30.91,"2020-01-21 18:00:00","2020-01-21 21:00:00",18240
"306",30.92,"2020-01-21 19:00:00","2020-01-21 22:00:00",18300
"307",30.92,"2020-01-21 20:00:00","2020-01-21 23:00:00",18360
"308",30.92,"2020-01-21 21:00:00","2020-01-22 00:00:00",18420
"309",30.93,"2020-01-21 22:00:00","2020-01-22 01:00:00",18480
"310",30.93,"2020-01-21 23:00:00","2020-01-22 02:00:00",18540
"311",30.94,"2020-01-22 00:00:00","2020-01-22 03:00:00",18600
"312",30.94,"2020-01-22 01:00:00","2020-01-22 04:00:00",18660
"313",30.94,"2020-01-22 02:00:00","2020-01-22 05:00:00",18720
"314",30.95,"2020-01-22 03:00:00","2020-01-22 06:00:00",18780
"315",30.96,"2020-01-22 04:00:00","2020-01-22 07:00:00",18840
"316",30.96,"2020-01-22 05:00:00","2020-01-22 08:00:00",18900
"317",30.97,"2020-01-22 06:00:00","2020-01-22 09:00:00",18960
"318",30.98,"2020-01-22 07:00:00","2020-01-22 10:00:00",19020
"319",30.98,"2020-01-22 08:00:00","2020-01-22 11:00:00",19080
"320",30.99,"2020-01-22 09:00:00","2020-01-22 12:00:00",19140
"321",31,"2020-01-22 10:00:00","2020-01-22 13:00:00",19200
"322",31,"2020-01-22 11:00:00","2020-01-22 14:00:00",19260
"323",31.01,"2020-01-22 12:00:00","2020-01-22 15:00:00",19320
"324",31.01,"2020-01-22 13:00:00","2020-01-22 16:00:00",19380
"325",31.02,"2020-01-22 14:00:00","2020-01-22 17:00:00",19440
"326",31.02,"2020-01-22 15:00:00","2020-01-22 18:00:00",19500
"327",31.02,"2020-01-22 16:00:00","2020-01-22 19:00:00",19560
"328",31.03,"2020-01-22 17:00:00","2020-01-22 20:00:00",19620
"329",31.03,"2020-01-22 18:00:00","2020-01-22 21:00:00",19680
"330",31.02,"2020-01-22 19:00:00","2020-01-22 22:00:00",19740
"331",31.02,"2020-01-22 20:00:00","2020-01-22 23:00:00",19800
"332",31.02,"2020-01-22 21:00:00","2020-01-23 00:00:00",19860
"333",31.02,"2020-01-22 22:00:00","2020-01-23 01:00:00",19920
"334",31.02,"2020-01-22 23:00:00","2020-01-23 02:00:00",19980
"335",31.02,"2020-01-23 00:00:00","2020-01-23 03:00:00",20040
"336",31.02,"2020-01-23 01:00:00","2020-01-23 04:00:00",20100
"337",31.02,"2020-01-23 02:00:00","2020-01-23 05:00:00",20160
"338",31.02,"2020-01-23 03:00:00","2020-01-23 06:00:00",20220
"339",31.03,"2020-01-23 04:00:00","2020-01-23 07:00:00",20280
"340",31.03,"2020-01-23 05:00:00","2020-01-23 08:00:00",20340
"341",31.04,"2020-01-23 06:00:00","2020-01-23 09:00:00",20400
"342",31.04,"2020-01-23 07:00:00","2020-01-23 10:00:00",20460
"343",31.05,"2020-01-23 08:00:00","2020-01-23 11:00:00",20520
"344",31.05,"2020-01-23 09:00:00","2020-01-23 12:00:00",20580
"345",31.06,"2020-01-23 10:00:00","2020-01-23 13:00:00",20640
"346",31.06,"2020-01-23 11:00:00","2020-01-23 14:00:00",20700
"347",31.07,"2020-01-23 12:00:00","2020-01-23 15:00:00",20760
"348",31.07,"2020-01-23 13:00:00","2020-01-23 16:00:00",20820
"349",31.08,"2020-01-23 14:00:00","2020-01-23 17:00:00",20880
"350",31.08,"2020-01-23 15:00:00","2020-01-23 18:00:00",20940
"351",31.09,"2020-01-23 16:00:00","2020-01-23 19:00:00",21000
"352",31.09,"2020-01-23 17:00:00","2020-01-23 20:00:00",21060
"353",31.09,"2020-01-23 18:00:00","2020-01-23 21:00:00",21120
"354",31.09,"2020-01-23 19:00:00","2020-01-23 22:00:00",21180
"355",31.09,"2020-01-23 20:00:00","2020-01-23 23:00:00",21240
"356",31.09,"2020-01-23 21:00:00","2020-01-24 00:00:00",21300
"357",31.09,"2020-01-23 22:00:00","2020-01-24 01:00:00",21360
"358",31.1,"2020-01-23 23:00:00","2020-01-24 02:00:00",21420
"359",31.1,"2020-01-24 00:00:00","2020-01-24 03:00:00",21480
"360",31.11,"2020-01-24 01:00:00","2020-01-24 04:00:00",21540
"361",31.11,"2020-01-24 02:00:00","2020-01-24 05:00:00",21600
"362",31.12,"2020-01-24 03:00:00","2020-01-24 06:00:00",21660
"363",31.12,"2020-01-24 04:00:00","2020-01-24 07:00:00",21720
"364",31.13,"2020-01-24 05:00:00","2020-01-24 08:00:00",21780
"365",31.14,"2020-01-24 06:00:00","2020-01-24 09:00:00",21840
"366",31.15,"2020-01-24 07:00:00","2020-01-24 10:00:00",21900
"367",31.15,"2020-01-24 08:00:00","2020-01-24 11:00:00",21960
"368",31.16,"2020-01-24 09:00:00","2020-01-24 12:00:00",22020
"369",31.17,"2020-01-24 10:00:00","2020-01-24 13:00:00",22080
"370",31.17,"2020-01-24 11:00:00","2020-01-24 14:00:00",22140
"371",31.18,"2020-01-24 12:00:00","2020-01-24 15:00:00",22200
"372",31.19,"2020-01-24 13:00:00","2020-01-24 16:00:00",22260
"373",31.19,"2020-01-24 14:00:00","2020-01-24 17:00:00",22320
"374",31.2,"2020-01-24 15:00:00","2020-01-24 18:00:00",22380
"375",31.2,"2020-01-24 16:00:00","2020-01-24 19:00:00",22440
"376",31.21,"2020-01-24 17:00:00","2020-01-24 20:00:00",22500
"377",31.21,"2020-01-24 18:00:00","2020-01-24 21:00:00",22560
"378",31.21,"2020-01-24 19:00:00","2020-01-24 22:00:00",22620
"379",31.22,"2020-01-24 20:00:00","2020-01-24 23:00:00",22680
"380",31.22,"2020-01-24 21:00:00","2020-01-25 00:00:00",22740
"381",31.22,"2020-01-24 22:00:00","2020-01-25 01:00:00",22800
"382",31.23,"2020-01-24 23:00:00","2020-01-25 02:00:00",22860
"383",31.23,"2020-01-25 00:00:00","2020-01-25 03:00:00",22920
"384",31.24,"2020-01-25 01:00:00","2020-01-25 04:00:00",22980
"385",31.24,"2020-01-25 02:00:00","2020-01-25 05:00:00",23040
"386",31.25,"2020-01-25 03:00:00","2020-01-25 06:00:00",23100
"387",31.25,"2020-01-25 04:00:00","2020-01-25 07:00:00",23160
"388",31.26,"2020-01-25 05:00:00","2020-01-25 08:00:00",23220
"389",31.27,"2020-01-25 06:00:00","2020-01-25 09:00:00",23280
"390",31.28,"2020-01-25 07:00:00","2020-01-25 10:00:00",23340
"391",31.29,"2020-01-25 08:00:00","2020-01-25 11:00:00",23400
"392",31.29,"2020-01-25 09:00:00","2020-01-25 12:00:00",23460
"393",31.3,"2020-01-25 10:00:00","2020-01-25 13:00:00",23520
"394",31.31,"2020-01-25 11:00:00","2020-01-25 14:00:00",23580
"395",31.32,"2020-01-25 12:00:00","2020-01-25 15:00:00",23640
"396",31.33,"2020-01-25 13:00:00","2020-01-25 16:00:00",23700
"397",31.33,"2020-01-25 14:00:00","2020-01-25 17:00:00",23760
"398",31.34,"2020-01-25 15:00:00","2020-01-25 18:00:00",23820
"399",31.34,"2020-01-25 16:00:00","2020-01-25 19:00:00",23880
"400",31.35,"2020-01-25 17:00:00","2020-01-25 20:00:00",23940
"401",31.35,"2020-01-25 18:00:00","2020-01-25 21:00:00",24000
"402",31.36,"2020-01-25 19:00:00","2020-01-25 22:00:00",24060
"403",31.36,"2020-01-25 20:00:00","2020-01-25 23:00:00",24120
"404",31.37,"2020-01-25 21:00:00","2020-01-26 00:00:00",24180
"405",31.37,"2020-01-25 22:00:00","2020-01-26 01:00:00",24240
"406",31.38,"2020-01-25 23:00:00","2020-01-26 02:00:00",24300
"407",31.38,"2020-01-26 00:00:00","2020-01-26 03:00:00",24360
"408",31.39,"2020-01-26 01:00:00","2020-01-26 04:00:00",24420
"409",31.4,"2020-01-26 02:00:00","2020-01-26 05:00:00",24480
"410",31.4,"2020-01-26 03:00:00","2020-01-26 06:00:00",24540
"411",31.41,"2020-01-26 04:00:00","2020-01-26 07:00:00",24600
"412",31.42,"2020-01-26 05:00:00","2020-01-26 08:00:00",24660
"413",31.42,"2020-01-26 06:00:00","2020-01-26 09:00:00",24720
"414",31.43,"2020-01-26 07:00:00","2020-01-26 10:00:00",24780
"415",31.44,"2020-01-26 08:00:00","2020-01-26 11:00:00",24840
"416",31.46,"2020-01-26 09:00:00","2020-01-26 12:00:00",24900
"417",31.47,"2020-01-26 10:00:00","2020-01-26 13:00:00",24960
"418",31.48,"2020-01-26 11:00:00","2020-01-26 14:00:00",25020
"419",31.49,"2020-01-26 12:00:00","2020-01-26 15:00:00",25080
"420",31.49,"2020-01-26 13:00:00","2020-01-26 16:00:00",25140
"421",31.5,"2020-01-26 14:00:00","2020-01-26 17:00:00",25200
"422",31.5,"2020-01-26 15:00:00","2020-01-26 18:00:00",25260
"423",31.5,"2020-01-26 16:00:00","2020-01-26 19:00:00",25320
"424",31.51,"2020-01-26 17:00:00","2020-01-26 20:00:00",25380
"425",31.51,"2020-01-26 18:00:00","2020-01-26 21:00:00",25440
"426",31.51,"2020-01-26 19:00:00","2020-01-26 22:00:00",25500
"427",31.51,"2020-01-26 20:00:00","2020-01-26 23:00:00",25560
"428",31.51,"2020-01-26 21:00:00","2020-01-27 00:00:00",25620
"429",31.51,"2020-01-26 22:00:00","2020-01-27 01:00:00",25680
"430",31.51,"2020-01-26 23:00:00","2020-01-27 02:00:00",25740
"431",31.51,"2020-01-27 00:00:00","2020-01-27 03:00:00",25800
"432",31.51,"2020-01-27 01:00:00","2020-01-27 04:00:00",25860
"433",31.51,"2020-01-27 02:00:00","2020-01-27 05:00:00",25920
"434",31.52,"2020-01-27 03:00:00","2020-01-27 06:00:00",25980
"435",31.52,"2020-01-27 04:00:00","2020-01-27 07:00:00",26040
"436",31.52,"2020-01-27 05:00:00","2020-01-27 08:00:00",26100
"437",31.53,"2020-01-27 06:00:00","2020-01-27 09:00:00",26160
"438",31.53,"2020-01-27 07:00:00","2020-01-27 10:00:00",26220
"439",31.54,"2020-01-27 08:00:00","2020-01-27 11:00:00",26280
"440",31.54,"2020-01-27 09:00:00","2020-01-27 12:00:00",26340
"441",31.55,"2020-01-27 10:00:00","2020-01-27 13:00:00",26400
"442",31.56,"2020-01-27 11:00:00","2020-01-27 14:00:00",26460
"443",31.56,"2020-01-27 12:00:00","2020-01-27 15:00:00",26520
"444",31.56,"2020-01-27 13:00:00","2020-01-27 16:00:00",26580
"445",31.57,"2020-01-27 14:00:00","2020-01-27 17:00:00",26640
"446",31.57,"2020-01-27 15:00:00","2020-01-27 18:00:00",26700
"447",31.58,"2020-01-27 16:00:00","2020-01-27 19:00:00",26760
"448",31.58,"2020-01-27 17:00:00","2020-01-27 20:00:00",26820
"449",31.58,"2020-01-27 18:00:00","2020-01-27 21:00:00",26880
"450",31.58,"2020-01-27 19:00:00","2020-01-27 22:00:00",26940
"451",31.59,"2020-01-27 20:00:00","2020-01-27 23:00:00",27000
"452",31.59,"2020-01-27 21:00:00","2020-01-28 00:00:00",27060
"453",31.59,"2020-01-27 22:00:00","2020-01-28 01:00:00",27120
"454",31.59,"2020-01-27 23:00:00","2020-01-28 02:00:00",27180
"455",31.59,"2020-01-28 00:00:00","2020-01-28 03:00:00",27240
"456",31.6,"2020-01-28 01:00:00","2020-01-28 04:00:00",27300
"457",31.6,"2020-01-28 02:00:00","2020-01-28 05:00:00",27360
"458",31.6,"2020-01-28 03:00:00","2020-01-28 06:00:00",27420
"459",31.61,"2020-01-28 04:00:00","2020-01-28 07:00:00",27480
"460",31.62,"2020-01-28 05:00:00","2020-01-28 08:00:00",27540
"461",31.63,"2020-01-28 06:00:00","2020-01-28 09:00:00",27600
"462",31.63,"2020-01-28 07:00:00","2020-01-28 10:00:00",27660
"463",31.64,"2020-01-28 08:00:00","2020-01-28 11:00:00",27720
"464",31.65,"2020-01-28 09:00:00","2020-01-28 12:00:00",27780
"465",31.66,"2020-01-28 10:00:00","2020-01-28 13:00:00",27840
"466",31.66,"2020-01-28 11:00:00","2020-01-28 14:00:00",27900
"467",31.67,"2020-01-28 12:00:00","2020-01-28 15:00:00",27960
"468",31.67,"2020-01-28 13:00:00","2020-01-28 16:00:00",28020
"469",31.67,"2020-01-28 14:00:00","2020-01-28 17:00:00",28080
"470",31.67,"2020-01-28 15:00:00","2020-01-28 18:00:00",28140
"471",31.67,"2020-01-28 16:00:00","2020-01-28 19:00:00",28200
"472",31.67,"2020-01-28 17:00:00","2020-01-28 20:00:00",28260
"473",31.67,"2020-01-28 18:00:00","2020-01-28 21:00:00",28320
"474",31.67,"2020-01-28 19:00:00","2020-01-28 22:00:00",28380
"475",31.67,"2020-01-28 20:00:00","2020-01-28 23:00:00",28440
"476",31.67,"2020-01-28 21:00:00","2020-01-29 00:00:00",28500
"477",31.67,"2020-01-28 22:00:00","2020-01-29 01:00:00",28560
"478",31.67,"2020-01-28 23:00:00","2020-01-29 02:00:00",28620
"479",31.67,"2020-01-29 00:00:00","2020-01-29 03:00:00",28680
"480",31.67,"2020-01-29 01:00:00","2020-01-29 04:00:00",28740
"481",31.67,"2020-01-29 02:00:00","2020-01-29 05:00:00",28800
"482",31.68,"2020-01-29 03:00:00","2020-01-29 06:00:00",28860
"483",31.68,"2020-01-29 04:00:00","2020-01-29 07:00:00",28920
"484",31.69,"2020-01-29 05:00:00","2020-01-29 08:00:00",28980
"485",31.69,"2020-01-29 06:00:00","2020-01-29 09:00:00",29040
"486",31.7,"2020-01-29 07:00:00","2020-01-29 10:00:00",29100
"487",31.71,"2020-01-29 08:00:00","2020-01-29 11:00:00",29160
"488",31.71,"2020-01-29 09:00:00","2020-01-29 12:00:00",29220
"489",31.72,"2020-01-29 10:00:00","2020-01-29 13:00:00",29280
"490",31.73,"2020-01-29 11:00:00","2020-01-29 14:00:00",29340
"491",31.73,"2020-01-29 12:00:00","2020-01-29 15:00:00",29400
"492",31.74,"2020-01-29 13:00:00","2020-01-29 16:00:00",29460
"493",31.75,"2020-01-29 14:00:00","2020-01-29 17:00:00",29520
"494",31.75,"2020-01-29 15:00:00","2020-01-29 18:00:00",29580
"495",31.76,"2020-01-29 16:00:00","2020-01-29 19:00:00",29640
"496",31.76,"2020-01-29 17:00:00","2020-01-29 20:00:00",29700
"497",31.77,"2020-01-29 18:00:00","2020-01-29 21:00:00",29760
"498",31.77,"2020-01-29 19:00:00","2020-01-29 22:00:00",29820
"499",31.78,"2020-01-29 20:00:00","2020-01-29 23:00:00",29880
"500",31.78,"2020-01-29 21:00:00","2020-01-30 00:00:00",29940
"501",31.78,"2020-01-29 22:00:00","2020-01-30 01:00:00",30000
"502",31.79,"2020-01-29 23:00:00","2020-01-30 02:00:00",30060
"503",31.79,"2020-01-30 00:00:00","2020-01-30 03:00:00",30120
"504",31.8,"2020-01-30 01:00:00","2020-01-30 04:00:00",30180
"505",31.81,"2020-01-30 02:00:00","2020-01-30 05:00:00",30240
"506",31.81,"2020-01-30 03:00:00","2020-01-30 06:00:00",30300
"507",31.83,"2020-01-30 04:00:00","2020-01-30 07:00:00",30360
"508",31.83,"2020-01-30 05:00:00","2020-01-30 08:00:00",30420
"509",31.85,"2020-01-30 06:00:00","2020-01-30 09:00:00",30480
"510",31.85,"2020-01-30 07:00:00","2020-01-30 10:00:00",30540
"511",31.87,"2020-01-30 08:00:00","2020-01-30 11:00:00",30600
"512",31.88,"2020-01-30 09:00:00","2020-01-30 12:00:00",30660
"513",31.89,"2020-01-30 10:00:00","2020-01-30 13:00:00",30720
"514",31.9,"2020-01-30 11:00:00","2020-01-30 14:00:00",30780
"515",31.91,"2020-01-30 12:00:00","2020-01-30 15:00:00",30840
"516",31.92,"2020-01-30 13:00:00","2020-01-30 16:00:00",30900
"517",31.93,"2020-01-30 14:00:00","2020-01-30 17:00:00",30960
"518",31.94,"2020-01-30 15:00:00","2020-01-30 18:00:00",31020
"519",31.95,"2020-01-30 16:00:00","2020-01-30 19:00:00",31080
"520",31.96,"2020-01-30 17:00:00","2020-01-30 20:00:00",31140
"521",31.97,"2020-01-30 18:00:00","2020-01-30 21:00:00",31200
"522",31.97,"2020-01-30 19:00:00","2020-01-30 22:00:00",31260
"523",31.98,"2020-01-30 20:00:00","2020-01-30 23:00:00",31320
"524",31.99,"2020-01-30 21:00:00","2020-01-31 00:00:00",31380
"525",31.99,"2020-01-30 22:00:00","2020-01-31 01:00:00",31440
"526",32,"2020-01-30 23:00:00","2020-01-31 02:00:00",31500
"527",32.01,"2020-01-31 00:00:00","2020-01-31 03:00:00",31560
"528",32.02,"2020-01-31 01:00:00","2020-01-31 04:00:00",31620
"529",32.03,"2020-01-31 02:00:00","2020-01-31 05:00:00",31680
"530",32.04,"2020-01-31 03:00:00","2020-01-31 06:00:00",31740
"531",32.05,"2020-01-31 04:00:00","2020-01-31 07:00:00",31800
"532",32.06,"2020-01-31 05:00:00","2020-01-31 08:00:00",31860
"533",32.07,"2020-01-31 06:00:00","2020-01-31 09:00:00",31920
"534",32.08,"2020-01-31 07:00:00","2020-01-31 10:00:00",31980
"535",32.1,"2020-01-31 08:00:00","2020-01-31 11:00:00",32040
"536",32.11,"2020-01-31 09:00:00","2020-01-31 12:00:00",32100
"537",32.12,"2020-01-31 10:00:00","2020-01-31 13:00:00",32160
"538",32.13,"2020-01-31 11:00:00","2020-01-31 14:00:00",32220
"539",32.15,"2020-01-31 12:00:00","2020-01-31 15:00:00",32280
"540",32.16,"2020-01-31 13:00:00","2020-01-31 16:00:00",32340
"541",32.17,"2020-01-31 14:00:00","2020-01-31 17:00:00",32400
"542",32.18,"2020-01-31 15:00:00","2020-01-31 18:00:00",32460
"543",32.18,"2020-01-31 16:00:00","2020-01-31 19:00:00",32520
"544",32.19,"2020-01-31 17:00:00","2020-01-31 20:00:00",32580
"545",32.19,"2020-01-31 18:00:00","2020-01-31 21:00:00",32640
"546",32.2,"2020-01-31 19:00:00","2020-01-31 22:00:00",32700
"547",32.2,"2020-01-31 20:00:00","2020-01-31 23:00:00",32760
"548",32.2,"2020-01-31 21:00:00","2020-02-01 00:00:00",32820
"549",32.2,"2020-01-31 22:00:00","2020-02-01 01:00:00",32880
"550",32.2,"2020-01-31 23:00:00","2020-02-01 02:00:00",32940
"551",32.21,"2020-02-01 00:00:00","2020-02-01 03:00:00",33000
"552",32.21,"2020-02-01 01:00:00","2020-02-01 04:00:00",33060
"553",32.21,"2020-02-01 02:00:00","2020-02-01 05:00:00",33120
"554",32.22,"2020-02-01 03:00:00","2020-02-01 06:00:00",33180
"555",32.22,"2020-02-01 04:00:00","2020-02-01 07:00:00",33240
"556",32.23,"2020-02-01 05:00:00","2020-02-01 08:00:00",33300
"557",32.23,"2020-02-01 06:00:00","2020-02-01 09:00:00",33360
"558",32.24,"2020-02-01 07:00:00","2020-02-01 10:00:00",33420
"559",32.24,"2020-02-01 08:00:00","2020-02-01 11:00:00",33480
"560",32.25,"2020-02-01 09:00:00","2020-02-01 12:00:00",33540
"561",32.25,"2020-02-01 10:00:00","2020-02-01 13:00:00",33600
"562",32.26,"2020-02-01 11:00:00","2020-02-01 14:00:00",33660
"563",32.27,"2020-02-01 12:00:00","2020-02-01 15:00:00",33720
"564",32.27,"2020-02-01 13:00:00","2020-02-01 16:00:00",33780
"565",32.28,"2020-02-01 14:00:00","2020-02-01 17:00:00",33840
"566",32.28,"2020-02-01 15:00:00","2020-02-01 18:00:00",33900
"567",32.28,"2020-02-01 16:00:00","2020-02-01 19:00:00",33960
"568",32.29,"2020-02-01 17:00:00","2020-02-01 20:00:00",34020
"569",32.29,"2020-02-01 18:00:00","2020-02-01 21:00:00",34080
"570",32.29,"2020-02-01 19:00:00","2020-02-01 22:00:00",34140
"571",32.29,"2020-02-01 20:00:00","2020-02-01 23:00:00",34200
"572",32.3,"2020-02-01 21:00:00","2020-02-02 00:00:00",34260
"573",32.3,"2020-02-01 22:00:00","2020-02-02 01:00:00",34320
"574",32.3,"2020-02-01 23:00:00","2020-02-02 02:00:00",34380
"575",32.31,"2020-02-02 00:00:00","2020-02-02 03:00:00",34440
"576",32.31,"2020-02-02 01:00:00","2020-02-02 04:00:00",34500
"577",32.32,"2020-02-02 02:00:00","2020-02-02 05:00:00",34560
"578",32.32,"2020-02-02 03:00:00","2020-02-02 06:00:00",34620
"579",32.33,"2020-02-02 04:00:00","2020-02-02 07:00:00",34680
"580",32.33,"2020-02-02 05:00:00","2020-02-02 08:00:00",34740
"581",32.34,"2020-02-02 06:00:00","2020-02-02 09:00:00",34800
"582",32.35,"2020-02-02 07:00:00","2020-02-02 10:00:00",34860
"583",32.35,"2020-02-02 08:00:00","2020-02-02 11:00:00",34920
"584",32.36,"2020-02-02 09:00:00","2020-02-02 12:00:00",34980
"585",32.37,"2020-02-02 10:00:00","2020-02-02 13:00:00",35040
"586",32.38,"2020-02-02 11:00:00","2020-02-02 14:00:00",35100
"587",32.38,"2020-02-02 12:00:00","2020-02-02 15:00:00",35160
"588",32.39,"2020-02-02 13:00:00","2020-02-02 16:00:00",35220
"589",32.39,"2020-02-02 14:00:00","2020-02-02 17:00:00",35280
"590",32.4,"2020-02-02 15:00:00","2020-02-02 18:00:00",35340
"591",32.4,"2020-02-02 16:00:00","2020-02-02 19:00:00",35400
"592",32.4,"2020-02-02 17:00:00","2020-02-02 20:00:00",35460
"593",32.41,"2020-02-02 18:00:00","2020-02-02 21:00:00",35520
"594",32.41,"2020-02-02 19:00:00","2020-02-02 22:00:00",35580
"595",32.42,"2020-02-02 20:00:00","2020-02-02 23:00:00",35640
"596",32.42,"2020-02-02 21:00:00","2020-02-03 00:00:00",35700
"597",32.42,"2020-02-02 22:00:00","2020-02-03 01:00:00",35760
"598",32.43,"2020-02-02 23:00:00","2020-02-03 02:00:00",35820
"599",32.43,"2020-02-03 00:00:00","2020-02-03 03:00:00",35880
"600",32.43,"2020-02-03 01:00:00","2020-02-03 04:00:00",35940
"601",32.44,"2020-02-03 02:00:00","2020-02-03 05:00:00",36000
"602",32.45,"2020-02-03 03:00:00","2020-02-03 06:00:00",36060
"603",32.46,"2020-02-03 04:00:00","2020-02-03 07:00:00",36120
"604",32.47,"2020-02-03 05:00:00","2020-02-03 08:00:00",36180
"605",32.48,"2020-02-03 06:00:00","2020-02-03 09:00:00",36240
"606",32.49,"2020-02-03 07:00:00","2020-02-03 10:00:00",36300
"607",32.5,"2020-02-03 08:00:00","2020-02-03 11:00:00",36360
"608",32.51,"2020-02-03 09:00:00","2020-02-03 12:00:00",36420
"609",32.52,"2020-02-03 10:00:00","2020-02-03 13:00:00",36480
"610",32.53,"2020-02-03 11:00:00","2020-02-03 14:00:00",36540
"611",32.54,"2020-02-03 12:00:00","2020-02-03 15:00:00",36600
"612",32.55,"2020-02-03 13:00:00","2020-02-03 16:00:00",36660
"613",32.56,"2020-02-03 14:00:00","2020-02-03 17:00:00",36720
"614",32.56,"2020-02-03 15:00:00","2020-02-03 18:00:00",36780
"615",32.57,"2020-02-03 16:00:00","2020-02-03 19:00:00",36840
"616",32.58,"2020-02-03 17:00:00","2020-02-03 20:00:00",36900
"617",32.58,"2020-02-03 18:00:00","2020-02-03 21:00:00",36960
"618",32.59,"2020-02-03 19:00:00","2020-02-03 22:00:00",37020
"619",32.59,"2020-02-03 20:00:00","2020-02-03 23:00:00",37080
"620",32.6,"2020-02-03 21:00:00","2020-02-04 00:00:00",37140
"621",32.6,"2020-02-03 22:00:00","2020-02-04 01:00:00",37200
"622",32.61,"2020-02-03 23:00:00","2020-02-04 02:00:00",37260
"623",32.61,"2020-02-04 00:00:00","2020-02-04 03:00:00",37320
"624",32.62,"2020-02-04 01:00:00","2020-02-04 04:00:00",37380
"625",32.63,"2020-02-04 02:00:00","2020-02-04 05:00:00",37440
"626",32.64,"2020-02-04 03:00:00","2020-02-04 06:00:00",37500
"627",32.64,"2020-02-04 04:00:00","2020-02-04 07:00:00",37560
"628",32.66,"2020-02-04 05:00:00","2020-02-04 08:00:00",37620
"629",32.66,"2020-02-04 06:00:00","2020-02-04 09:00:00",37680
"630",32.67,"2020-02-04 07:00:00","2020-02-04 10:00:00",37740
"631",32.68,"2020-02-04 08:00:00","2020-02-04 11:00:00",37800
"632",32.69,"2020-02-04 09:00:00","2020-02-04 12:00:00",37860
"633",32.71,"2020-02-04 10:00:00","2020-02-04 13:00:00",37920
"634",32.72,"2020-02-04 11:00:00","2020-02-04 14:00:00",37980
"635",32.73,"2020-02-04 12:00:00","2020-02-04 15:00:00",38040
"636",32.74,"2020-02-04 13:00:00","2020-02-04 16:00:00",38100
"637",32.75,"2020-02-04 14:00:00","2020-02-04 17:00:00",38160
"638",32.76,"2020-02-04 15:00:00","2020-02-04 18:00:00",38220
"639",32.76,"2020-02-04 16:00:00","2020-02-04 19:00:00",38280
"640",32.77,"2020-02-04 17:00:00","2020-02-04 20:00:00",38340
"641",32.77,"2020-02-04 18:00:00","2020-02-04 21:00:00",38400
"642",32.78,"2020-02-04 19:00:00","2020-02-04 22:00:00",38460
"643",32.78,"2020-02-04 20:00:00","2020-02-04 23:00:00",38520
"644",32.79,"2020-02-04 21:00:00","2020-02-05 00:00:00",38580
"645",32.8,"2020-02-04 22:00:00","2020-02-05 01:00:00",38640
"646",32.8,"2020-02-04 23:00:00","2020-02-05 02:00:00",38700
"647",32.81,"2020-02-05 00:00:00","2020-02-05 03:00:00",38760
"648",32.81,"2020-02-05 01:00:00","2020-02-05 04:00:00",38820
"649",32.82,"2020-02-05 02:00:00","2020-02-05 05:00:00",38880
"650",32.82,"2020-02-05 03:00:00","2020-02-05 06:00:00",38940
"651",32.83,"2020-02-05 04:00:00","2020-02-05 07:00:00",39000
"652",32.84,"2020-02-05 05:00:00","2020-02-05 08:00:00",39060
"653",32.85,"2020-02-05 06:00:00","2020-02-05 09:00:00",39120
"654",32.86,"2020-02-05 07:00:00","2020-02-05 10:00:00",39180
"655",32.87,"2020-02-05 08:00:00","2020-02-05 11:00:00",39240
"656",32.88,"2020-02-05 09:00:00","2020-02-05 12:00:00",39300
"657",32.89,"2020-02-05 10:00:00","2020-02-05 13:00:00",39360
"658",32.9,"2020-02-05 11:00:00","2020-02-05 14:00:00",39420
"659",32.91,"2020-02-05 12:00:00","2020-02-05 15:00:00",39480
"660",32.92,"2020-02-05 13:00:00","2020-02-05 16:00:00",39540
"661",32.93,"2020-02-05 14:00:00","2020-02-05 17:00:00",39600
"662",32.93,"2020-02-05 15:00:00","2020-02-05 18:00:00",39660
"663",32.94,"2020-02-05 16:00:00","2020-02-05 19:00:00",39720
"664",32.94,"2020-02-05 17:00:00","2020-02-05 20:00:00",39780
"665",32.95,"2020-02-05 18:00:00","2020-02-05 21:00:00",39840
"666",32.95,"2020-02-05 19:00:00","2020-02-05 22:00:00",39900
"667",32.96,"2020-02-05 20:00:00","2020-02-05 23:00:00",39960
"668",32.96,"2020-02-05 21:00:00","2020-02-06 00:00:00",40020
"669",32.96,"2020-02-05 22:00:00","2020-02-06 01:00:00",40080
"670",32.97,"2020-02-05 23:00:00","2020-02-06 02:00:00",40140
"671",32.97,"2020-02-06 00:00:00","2020-02-06 03:00:00",40200
"672",32.98,"2020-02-06 01:00:00","2020-02-06 04:00:00",40260
"673",32.98,"2020-02-06 02:00:00","2020-02-06 05:00:00",40320
"674",32.99,"2020-02-06 03:00:00","2020-02-06 06:00:00",40380
"675",33,"2020-02-06 04:00:00","2020-02-06 07:00:00",40440
"676",33.01,"2020-02-06 05:00:00","2020-02-06 08:00:00",40500
"677",33.01,"2020-02-06 06:00:00","2020-02-06 09:00:00",40560
"678",33.02,"2020-02-06 07:00:00","2020-02-06 10:00:00",40620
"679",33.03,"2020-02-06 08:00:00","2020-02-06 11:00:00",40680
"680",33.04,"2020-02-06 09:00:00","2020-02-06 12:00:00",40740
"681",33.05,"2020-02-06 10:00:00","2020-02-06 13:00:00",40800
"682",33.06,"2020-02-06 11:00:00","2020-02-06 14:00:00",40860
"683",33.06,"2020-02-06 12:00:00","2020-02-06 15:00:00",40920
"684",33.08,"2020-02-06 13:00:00","2020-02-06 16:00:00",40980
"685",33.08,"2020-02-06 14:00:00","2020-02-06 17:00:00",41040
"686",33.09,"2020-02-06 15:00:00","2020-02-06 18:00:00",41100
"687",33.1,"2020-02-06 16:00:00","2020-02-06 19:00:00",41160
"688",33.1,"2020-02-06 17:00:00","2020-02-06 20:00:00",41220
"689",33.11,"2020-02-06 18:00:00","2020-02-06 21:00:00",41280
"690",33.12,"2020-02-06 19:00:00","2020-02-06 22:00:00",41340
"691",33.12,"2020-02-06 20:00:00","2020-02-06 23:00:00",41400
"692",33.13,"2020-02-06 21:00:00","2020-02-07 00:00:00",41460
"693",33.13,"2020-02-06 22:00:00","2020-02-07 01:00:00",41520
"694",33.14,"2020-02-06 23:00:00","2020-02-07 02:00:00",41580
"695",33.14,"2020-02-07 00:00:00","2020-02-07 03:00:00",41640
"696",33.16,"2020-02-07 01:00:00","2020-02-07 04:00:00",41700
"697",33.16,"2020-02-07 02:00:00","2020-02-07 05:00:00",41760
"698",33.18,"2020-02-07 03:00:00","2020-02-07 06:00:00",41820
"699",33.19,"2020-02-07 04:00:00","2020-02-07 07:00:00",41880
"700",33.2,"2020-02-07 05:00:00","2020-02-07 08:00:00",41940
"701",33.21,"2020-02-07 06:00:00","2020-02-07 09:00:00",42000
"702",33.22,"2020-02-07 07:00:00","2020-02-07 10:00:00",42060
"703",33.24,"2020-02-07 08:00:00","2020-02-07 11:00:00",42120
"704",33.25,"2020-02-07 09:00:00","2020-02-07 12:00:00",42180
"705",33.26,"2020-02-07 10:00:00","2020-02-07 13:00:00",42240
"706",33.28,"2020-02-07 11:00:00","2020-02-07 14:00:00",42300
"707",33.3,"2020-02-07 12:00:00","2020-02-07 15:00:00",42360
"708",33.31,"2020-02-07 13:00:00","2020-02-07 16:00:00",42420
"709",33.33,"2020-02-07 14:00:00","2020-02-07 17:00:00",42480
"710",33.34,"2020-02-07 15:00:00","2020-02-07 18:00:00",42540
"711",33.35,"2020-02-07 16:00:00","2020-02-07 19:00:00",42600
"712",33.37,"2020-02-07 17:00:00","2020-02-07 20:00:00",42660
"713",33.38,"2020-02-07 18:00:00","2020-02-07 21:00:00",42720
"714",33.39,"2020-02-07 19:00:00","2020-02-07 22:00:00",42780
"715",33.4,"2020-02-07 20:00:00","2020-02-07 23:00:00",42840
"716",33.41,"2020-02-07 21:00:00","2020-02-08 00:00:00",42900
"717",33.42,"2020-02-07 22:00:00","2020-02-08 01:00:00",42960
"718",33.43,"2020-02-07 23:00:00","2020-02-08 02:00:00",43020
"719",33.44,"2020-02-08 00:00:00","2020-02-08 03:00:00",43080
"720",33.46,"2020-02-08 01:00:00","2020-02-08 04:00:00",43140
"721",33.46,"2020-02-08 02:00:00","2020-02-08 05:00:00",43200
"722",33.48,"2020-02-08 03:00:00","2020-02-08 06:00:00",43260
"723",33.5,"2020-02-08 04:00:00","2020-02-08 07:00:00",43320
"724",33.52,"2020-02-08 05:00:00","2020-02-08 08:00:00",43380
"725",33.53,"2020-02-08 06:00:00","2020-02-08 09:00:00",43440
"726",33.55,"2020-02-08 07:00:00","2020-02-08 10:00:00",43500
"727",33.57,"2020-02-08 08:00:00","2020-02-08 11:00:00",43560
"728",33.58,"2020-02-08 09:00:00","2020-02-08 12:00:00",43620
"729",33.6,"2020-02-08 10:00:00","2020-02-08 13:00:00",43680
"730",33.62,"2020-02-08 11:00:00","2020-02-08 14:00:00",43740
"731",33.63,"2020-02-08 12:00:00","2020-02-08 15:00:00",43800
"732",33.65,"2020-02-08 13:00:00","2020-02-08 16:00:00",43860
"733",33.67,"2020-02-08 14:00:00","2020-02-08 17:00:00",43920
"734",33.69,"2020-02-08 15:00:00","2020-02-08 18:00:00",43980
"735",33.7,"2020-02-08 16:00:00","2020-02-08 19:00:00",44040
"736",33.71,"2020-02-08 17:00:00","2020-02-08 20:00:00",44100
"737",33.73,"2020-02-08 18:00:00","2020-02-08 21:00:00",44160
"738",33.74,"2020-02-08 19:00:00","2020-02-08 22:00:00",44220
"739",33.75,"2020-02-08 20:00:00","2020-02-08 23:00:00",44280
"740",33.76,"2020-02-08 21:00:00","2020-02-09 00:00:00",44340
"741",33.77,"2020-02-08 22:00:00","2020-02-09 01:00:00",44400
"742",33.79,"2020-02-08 23:00:00","2020-02-09 02:00:00",44460
"743",33.8,"2020-02-09 00:00:00","2020-02-09 03:00:00",44520
"744",33.82,"2020-02-09 01:00:00","2020-02-09 04:00:00",44580
"745",33.83,"2020-02-09 02:00:00","2020-02-09 05:00:00",44640
"746",33.85,"2020-02-09 03:00:00","2020-02-09 06:00:00",44700
"747",33.86,"2020-02-09 04:00:00","2020-02-09 07:00:00",44760
"748",33.87,"2020-02-09 05:00:00","2020-02-09 08:00:00",44820
"749",33.89,"2020-02-09 06:00:00","2020-02-09 09:00:00",44880
"750",33.91,"2020-02-09 07:00:00","2020-02-09 10:00:00",44940
"751",33.93,"2020-02-09 08:00:00","2020-02-09 11:00:00",45000
"752",33.95,"2020-02-09 09:00:00","2020-02-09 12:00:00",45060
"753",33.97,"2020-02-09 10:00:00","2020-02-09 13:00:00",45120
"754",33.99,"2020-02-09 11:00:00","2020-02-09 14:00:00",45180
"755",34,"2020-02-09 12:00:00","2020-02-09 15:00:00",45240
"756",34.02,"2020-02-09 13:00:00","2020-02-09 16:00:00",45300
"757",34.03,"2020-02-09 14:00:00","2020-02-09 17:00:00",45360
"758",34.05,"2020-02-09 15:00:00","2020-02-09 18:00:00",45420
"759",34.06,"2020-02-09 16:00:00","2020-02-09 19:00:00",45480
"760",34.08,"2020-02-09 17:00:00","2020-02-09 20:00:00",45540
"761",34.09,"2020-02-09 18:00:00","2020-02-09 21:00:00",45600
"762",34.1,"2020-02-09 19:00:00","2020-02-09 22:00:00",45660
"763",34.11,"2020-02-09 20:00:00","2020-02-09 23:00:00",45720
"764",34.13,"2020-02-09 21:00:00","2020-02-10 00:00:00",45780
"765",34.13,"2020-02-09 22:00:00","2020-02-10 01:00:00",45840
"766",34.14,"2020-02-09 23:00:00","2020-02-10 02:00:00",45900
"767",34.14,"2020-02-10 00:00:00","2020-02-10 03:00:00",45960
"768",34.14,"2020-02-10 01:00:00","2020-02-10 04:00:00",46020
"769",34.15,"2020-02-10 02:00:00","2020-02-10 05:00:00",46080
"770",34.16,"2020-02-10 03:00:00","2020-02-10 06:00:00",46140
"771",34.17,"2020-02-10 04:00:00","2020-02-10 07:00:00",46200
"772",34.17,"2020-02-10 05:00:00","2020-02-10 08:00:00",46260
"773",34.18,"2020-02-10 06:00:00","2020-02-10 09:00:00",46320
"774",34.19,"2020-02-10 07:00:00","2020-02-10 10:00:00",46380
"775",34.19,"2020-02-10 08:00:00","2020-02-10 11:00:00",46440
"776",34.2,"2020-02-10 09:00:00","2020-02-10 12:00:00",46500
"777",34.2,"2020-02-10 10:00:00","2020-02-10 13:00:00",46560
"778",34.21,"2020-02-10 11:00:00","2020-02-10 14:00:00",46620
"779",34.21,"2020-02-10 12:00:00","2020-02-10 15:00:00",46680
"780",34.21,"2020-02-10 13:00:00","2020-02-10 16:00:00",46740
"781",34.22,"2020-02-10 14:00:00","2020-02-10 17:00:00",46800
"782",34.22,"2020-02-10 15:00:00","2020-02-10 18:00:00",46860
"783",34.22,"2020-02-10 16:00:00","2020-02-10 19:00:00",46920
"784",34.2,"2020-02-10 17:00:00","2020-02-10 20:00:00",46980
"785",34.19,"2020-02-10 18:00:00","2020-02-10 21:00:00",47040
"786",34.18,"2020-02-10 19:00:00","2020-02-10 22:00:00",47100
"787",34.16,"2020-02-10 20:00:00","2020-02-10 23:00:00",47160
"788",34.14,"2020-02-10 21:00:00","2020-02-11 00:00:00",47220
"789",34.13,"2020-02-10 22:00:00","2020-02-11 01:00:00",47280
"790",34.11,"2020-02-10 23:00:00","2020-02-11 02:00:00",47340
"791",34.1,"2020-02-11 00:00:00","2020-02-11 03:00:00",47400
"792",34.09,"2020-02-11 01:00:00","2020-02-11 04:00:00",47460
"793",34.08,"2020-02-11 02:00:00","2020-02-11 05:00:00",47520
"794",34.07,"2020-02-11 03:00:00","2020-02-11 06:00:00",47580
"795",34.06,"2020-02-11 04:00:00","2020-02-11 07:00:00",47640
"796",34.05,"2020-02-11 05:00:00","2020-02-11 08:00:00",47700
"797",34.04,"2020-02-11 06:00:00","2020-02-11 09:00:00",47760
"798",34.03,"2020-02-11 07:00:00","2020-02-11 10:00:00",47820
"799",34.04,"2020-02-11 08:00:00","2020-02-11 11:00:00",47880
"800",34.03,"2020-02-11 09:00:00","2020-02-11 12:00:00",47940
"801",34.03,"2020-02-11 10:00:00","2020-02-11 13:00:00",48000
"802",34.02,"2020-02-11 11:00:00","2020-02-11 14:00:00",48060
"803",34.02,"2020-02-11 12:00:00","2020-02-11 15:00:00",48120
"804",34,"2020-02-11 13:00:00","2020-02-11 16:00:00",48180
"805",33.99,"2020-02-11 14:00:00","2020-02-11 17:00:00",48240
"806",33.98,"2020-02-11 15:00:00","2020-02-11 18:00:00",48300
"807",33.97,"2020-02-11 16:00:00","2020-02-11 19:00:00",48360
"808",33.97,"2020-02-11 17:00:00","2020-02-11 20:00:00",48420
"809",33.96,"2020-02-11 18:00:00","2020-02-11 21:00:00",48480
"810",33.96,"2020-02-11 19:00:00","2020-02-11 22:00:00",48540
"811",33.94,"2020-02-11 20:00:00","2020-02-11 23:00:00",48600
"812",33.93,"2020-02-11 21:00:00","2020-02-12 00:00:00",48660
"813",33.93,"2020-02-11 22:00:00","2020-02-12 01:00:00",48720
"814",33.92,"2020-02-11 23:00:00","2020-02-12 02:00:00",48780
"815",33.91,"2020-02-12 00:00:00","2020-02-12 03:00:00",48840
"816",33.9,"2020-02-12 01:00:00","2020-02-12 04:00:00",48900
"817",33.89,"2020-02-12 02:00:00","2020-02-12 05:00:00",48960
"818",33.89,"2020-02-12 03:00:00","2020-02-12 06:00:00",49020
"819",33.89,"2020-02-12 04:00:00","2020-02-12 07:00:00",49080
"820",33.89,"2020-02-12 05:00:00","2020-02-12 08:00:00",49140
"821",33.89,"2020-02-12 06:00:00","2020-02-12 09:00:00",49200
"822",33.89,"2020-02-12 07:00:00","2020-02-12 10:00:00",49260
"823",33.88,"2020-02-12 08:00:00","2020-02-12 11:00:00",49320
"824",33.88,"2020-02-12 09:00:00","2020-02-12 12:00:00",49380
"825",33.88,"2020-02-12 10:00:00","2020-02-12 13:00:00",49440
"826",33.89,"2020-02-12 11:00:00","2020-02-12 14:00:00",49500
"827",33.89,"2020-02-12 12:00:00","2020-02-12 15:00:00",49560
"828",33.89,"2020-02-12 13:00:00","2020-02-12 16:00:00",49620
"829",33.89,"2020-02-12 14:00:00","2020-02-12 17:00:00",49680
"830",33.89,"2020-02-12 15:00:00","2020-02-12 18:00:00",49740
"831",33.89,"2020-02-12 16:00:00","2020-02-12 19:00:00",49800
"832",33.89,"2020-02-12 17:00:00","2020-02-12 20:00:00",49860
"833",33.89,"2020-02-12 18:00:00","2020-02-12 21:00:00",49920
"834",33.9,"2020-02-12 19:00:00","2020-02-12 22:00:00",49980
"835",33.9,"2020-02-12 20:00:00","2020-02-12 23:00:00",50040
"836",33.9,"2020-02-12 21:00:00","2020-02-13 00:00:00",50100
"837",33.9,"2020-02-12 22:00:00","2020-02-13 01:00:00",50160
"838",33.9,"2020-02-12 23:00:00","2020-02-13 02:00:00",50220
"839",33.9,"2020-02-13 00:00:00","2020-02-13 03:00:00",50280
"840",33.9,"2020-02-13 01:00:00","2020-02-13 04:00:00",50340
"841",33.91,"2020-02-13 02:00:00","2020-02-13 05:00:00",50400
"842",33.91,"2020-02-13 03:00:00","2020-02-13 06:00:00",50460
"843",33.91,"2020-02-13 04:00:00","2020-02-13 07:00:00",50520
"844",33.91,"2020-02-13 05:00:00","2020-02-13 08:00:00",50580
"845",33.92,"2020-02-13 06:00:00","2020-02-13 09:00:00",50640
"846",33.93,"2020-02-13 07:00:00","2020-02-13 10:00:00",50700
"847",33.93,"2020-02-13 08:00:00","2020-02-13 11:00:00",50760
"848",33.94,"2020-02-13 09:00:00","2020-02-13 12:00:00",50820
"849",33.94,"2020-02-13 10:00:00","2020-02-13 13:00:00",50880
"850",33.95,"2020-02-13 11:00:00","2020-02-13 14:00:00",50940
"851",33.95,"2020-02-13 12:00:00","2020-02-13 15:00:00",51000
"852",33.95,"2020-02-13 13:00:00","2020-02-13 16:00:00",51060
"853",33.96,"2020-02-13 14:00:00","2020-02-13 17:00:00",51120
"854",33.96,"2020-02-13 15:00:00","2020-02-13 18:00:00",51180
"855",33.96,"2020-02-13 16:00:00","2020-02-13 19:00:00",51240
"856",33.96,"2020-02-13 17:00:00","2020-02-13 20:00:00",51300
"857",33.96,"2020-02-13 18:00:00","2020-02-13 21:00:00",51360
"858",33.96,"2020-02-13 19:00:00","2020-02-13 22:00:00",51420
"859",33.96,"2020-02-13 20:00:00","2020-02-13 23:00:00",51480
"860",33.96,"2020-02-13 21:00:00","2020-02-14 00:00:00",51540
"861",33.95,"2020-02-13 22:00:00","2020-02-14 01:00:00",51600
"862",33.95,"2020-02-13 23:00:00","2020-02-14 02:00:00",51660
"863",33.95,"2020-02-14 00:00:00","2020-02-14 03:00:00",51720
"864",33.95,"2020-02-14 01:00:00","2020-02-14 04:00:00",51780
"865",33.95,"2020-02-14 02:00:00","2020-02-14 05:00:00",51840
"866",33.95,"2020-02-14 03:00:00","2020-02-14 06:00:00",51900
"867",33.94,"2020-02-14 04:00:00","2020-02-14 07:00:00",51960
"868",33.93,"2020-02-14 05:00:00","2020-02-14 08:00:00",52020
"869",33.94,"2020-02-14 06:00:00","2020-02-14 09:00:00",52080
"870",33.94,"2020-02-14 07:00:00","2020-02-14 10:00:00",52140
"871",33.94,"2020-02-14 08:00:00","2020-02-14 11:00:00",52200
"872",33.94,"2020-02-14 09:00:00","2020-02-14 12:00:00",52260
"873",33.94,"2020-02-14 10:00:00","2020-02-14 13:00:00",52320
"874",33.94,"2020-02-14 11:00:00","2020-02-14 14:00:00",52380
"875",33.93,"2020-02-14 12:00:00","2020-02-14 15:00:00",52440
"876",33.93,"2020-02-14 13:00:00","2020-02-14 16:00:00",52500
"877",33.93,"2020-02-14 14:00:00","2020-02-14 17:00:00",52560
"878",33.94,"2020-02-14 15:00:00","2020-02-14 18:00:00",52620
"879",33.93,"2020-02-14 16:00:00","2020-02-14 19:00:00",52680
"880",33.93,"2020-02-14 17:00:00","2020-02-14 20:00:00",52740
"881",33.93,"2020-02-14 18:00:00","2020-02-14 21:00:00",52800
"882",33.92,"2020-02-14 19:00:00","2020-02-14 22:00:00",52860
"883",33.92,"2020-02-14 20:00:00","2020-02-14 23:00:00",52920
"884",33.91,"2020-02-14 21:00:00","2020-02-15 00:00:00",52980
"885",33.9,"2020-02-14 22:00:00","2020-02-15 01:00:00",53040
"886",33.91,"2020-02-14 23:00:00","2020-02-15 02:00:00",53100
"887",33.91,"2020-02-15 00:00:00","2020-02-15 03:00:00",53160
"888",33.91,"2020-02-15 01:00:00","2020-02-15 04:00:00",53220
"889",33.91,"2020-02-15 02:00:00","2020-02-15 05:00:00",53280
"890",33.92,"2020-02-15 03:00:00","2020-02-15 06:00:00",53340
"891",33.92,"2020-02-15 04:00:00","2020-02-15 07:00:00",53400
"892",33.92,"2020-02-15 05:00:00","2020-02-15 08:00:00",53460
"893",33.93,"2020-02-15 06:00:00","2020-02-15 09:00:00",53520
"894",33.94,"2020-02-15 07:00:00","2020-02-15 10:00:00",53580
"895",33.95,"2020-02-15 08:00:00","2020-02-15 11:00:00",53640
"896",33.96,"2020-02-15 09:00:00","2020-02-15 12:00:00",53700
"897",33.97,"2020-02-15 10:00:00","2020-02-15 13:00:00",53760
"898",33.98,"2020-02-15 11:00:00","2020-02-15 14:00:00",53820
"899",33.99,"2020-02-15 12:00:00","2020-02-15 15:00:00",53880
"900",34,"2020-02-15 13:00:00","2020-02-15 16:00:00",53940
"901",34.01,"2020-02-15 14:00:00","2020-02-15 17:00:00",54000
"902",34.02,"2020-02-15 15:00:00","2020-02-15 18:00:00",54060
"903",34.02,"2020-02-15 16:00:00","2020-02-15 19:00:00",54120
"904",34.03,"2020-02-15 17:00:00","2020-02-15 20:00:00",54180
"905",34.04,"2020-02-15 18:00:00","2020-02-15 21:00:00",54240
"906",34.05,"2020-02-15 19:00:00","2020-02-15 22:00:00",54300
"907",34.06,"2020-02-15 20:00:00","2020-02-15 23:00:00",54360
"908",34.06,"2020-02-15 21:00:00","2020-02-16 00:00:00",54420
"909",34.07,"2020-02-15 22:00:00","2020-02-16 01:00:00",54480
"910",34.08,"2020-02-15 23:00:00","2020-02-16 02:00:00",54540
"911",34.09,"2020-02-16 00:00:00","2020-02-16 03:00:00",54600
"912",34.09,"2020-02-16 01:00:00","2020-02-16 04:00:00",54660
"913",34.1,"2020-02-16 02:00:00","2020-02-16 05:00:00",54720
"914",34.11,"2020-02-16 03:00:00","2020-02-16 06:00:00",54780
"915",34.13,"2020-02-16 04:00:00","2020-02-16 07:00:00",54840
"916",34.15,"2020-02-16 05:00:00","2020-02-16 08:00:00",54900
"917",34.15,"2020-02-16 06:00:00","2020-02-16 09:00:00",54960
"918",34.12,"2020-02-16 07:00:00","2020-02-16 10:00:00",55020
"919",34.09,"2020-02-16 08:00:00","2020-02-16 11:00:00",55080
"920",34.06,"2020-02-16 09:00:00","2020-02-16 12:00:00",55140
"921",34.02,"2020-02-16 10:00:00","2020-02-16 13:00:00",55200
"922",33.99,"2020-02-16 11:00:00","2020-02-16 14:00:00",55260
"923",33.93,"2020-02-16 12:00:00","2020-02-16 15:00:00",55320
"924",33.85,"2020-02-16 13:00:00","2020-02-16 16:00:00",55380
"925",33.76,"2020-02-16 14:00:00","2020-02-16 17:00:00",55440
"926",33.66,"2020-02-16 15:00:00","2020-02-16 18:00:00",55500
"927",33.57,"2020-02-16 16:00:00","2020-02-16 19:00:00",55560
"928",33.48,"2020-02-16 17:00:00","2020-02-16 20:00:00",55620
"929",33.4,"2020-02-16 18:00:00","2020-02-16 21:00:00",55680
"930",33.33,"2020-02-16 19:00:00","2020-02-16 22:00:00",55740
"931",33.28,"2020-02-16 20:00:00","2020-02-16 23:00:00",55800
"932",33.24,"2020-02-16 21:00:00","2020-02-17 00:00:00",55860
"933",33.21,"2020-02-16 22:00:00","2020-02-17 01:00:00",55920
"934",33.18,"2020-02-16 23:00:00","2020-02-17 02:00:00",55980
"935",33.16,"2020-02-17 00:00:00","2020-02-17 03:00:00",56040
"936",33.14,"2020-02-17 01:00:00","2020-02-17 04:00:00",56100
"937",33.13,"2020-02-17 02:00:00","2020-02-17 05:00:00",56160
"938",33.11,"2020-02-17 03:00:00","2020-02-17 06:00:00",56220
"939",33.1,"2020-02-17 04:00:00","2020-02-17 07:00:00",56280
"940",33.08,"2020-02-17 05:00:00","2020-02-17 08:00:00",56340
"941",33.07,"2020-02-17 06:00:00","2020-02-17 09:00:00",56400
"942",33.05,"2020-02-17 07:00:00","2020-02-17 10:00:00",56460
"943",33.04,"2020-02-17 08:00:00","2020-02-17 11:00:00",56520
"944",33.03,"2020-02-17 09:00:00","2020-02-17 12:00:00",56580
"945",33.02,"2020-02-17 10:00:00","2020-02-17 13:00:00",56640
"946",33.02,"2020-02-17 11:00:00","2020-02-17 14:00:00",56700
"947",33.01,"2020-02-17 12:00:00","2020-02-17 15:00:00",56760
"948",33.01,"2020-02-17 13:00:00","2020-02-17 16:00:00",56820
"949",33.01,"2020-02-17 14:00:00","2020-02-17 17:00:00",56880
"950",33,"2020-02-17 15:00:00","2020-02-17 18:00:00",56940
"951",33,"2020-02-17 16:00:00","2020-02-17 19:00:00",57000
"952",33.01,"2020-02-17 17:00:00","2020-02-17 20:00:00",57060
"953",33.01,"2020-02-17 18:00:00","2020-02-17 21:00:00",57120
"954",33.02,"2020-02-17 19:00:00","2020-02-17 22:00:00",57180
"955",33.02,"2020-02-17 20:00:00","2020-02-17 23:00:00",57240
"956",33.03,"2020-02-17 21:00:00","2020-02-18 00:00:00",57300
"957",33.04,"2020-02-17 22:00:00","2020-02-18 01:00:00",57360
"958",33.06,"2020-02-17 23:00:00","2020-02-18 02:00:00",57420
"959",33.07,"2020-02-18 00:00:00","2020-02-18 03:00:00",57480
"960",33.09,"2020-02-18 01:00:00","2020-02-18 04:00:00",57540
"961",33.12,"2020-02-18 02:00:00","2020-02-18 05:00:00",57600
"962",33.14,"2020-02-18 03:00:00","2020-02-18 06:00:00",57660
"963",33.17,"2020-02-18 04:00:00","2020-02-18 07:00:00",57720
"964",33.2,"2020-02-18 05:00:00","2020-02-18 08:00:00",57780
"965",33.24,"2020-02-18 06:00:00","2020-02-18 09:00:00",57840
"966",33.27,"2020-02-18 07:00:00","2020-02-18 10:00:00",57900
"967",33.31,"2020-02-18 08:00:00","2020-02-18 11:00:00",57960
"968",33.34,"2020-02-18 09:00:00","2020-02-18 12:00:00",58020
"969",33.38,"2020-02-18 10:00:00","2020-02-18 13:00:00",58080
"970",33.41,"2020-02-18 11:00:00","2020-02-18 14:00:00",58140
"971",33.45,"2020-02-18 12:00:00","2020-02-18 15:00:00",58200
"972",33.49,"2020-02-18 13:00:00","2020-02-18 16:00:00",58260
"973",33.52,"2020-02-18 14:00:00","2020-02-18 17:00:00",58320
"974",33.56,"2020-02-18 15:00:00","2020-02-18 18:00:00",58380
"975",33.59,"2020-02-18 16:00:00","2020-02-18 19:00:00",58440
"976",33.63,"2020-02-18 17:00:00","2020-02-18 20:00:00",58500
"977",33.66,"2020-02-18 18:00:00","2020-02-18 21:00:00",58560
"978",33.69,"2020-02-18 19:00:00","2020-02-18 22:00:00",58620
"979",33.71,"2020-02-18 20:00:00","2020-02-18 23:00:00",58680
"980",33.74,"2020-02-18 21:00:00","2020-02-19 00:00:00",58740
"981",33.77,"2020-02-18 22:00:00","2020-02-19 01:00:00",58800
"982",33.8,"2020-02-18 23:00:00","2020-02-19 02:00:00",58860
"983",33.83,"2020-02-19 00:00:00","2020-02-19 03:00:00",58920
"984",33.86,"2020-02-19 01:00:00","2020-02-19 04:00:00",58980
"985",33.88,"2020-02-19 02:00:00","2020-02-19 05:00:00",59040
"986",33.91,"2020-02-19 03:00:00","2020-02-19 06:00:00",59100
"987",33.94,"2020-02-19 04:00:00","2020-02-19 07:00:00",59160
"988",33.97,"2020-02-19 05:00:00","2020-02-19 08:00:00",59220
"989",34,"2020-02-19 06:00:00","2020-02-19 09:00:00",59280
"990",34.02,"2020-02-19 07:00:00","2020-02-19 10:00:00",59340
"991",34.05,"2020-02-19 08:00:00","2020-02-19 11:00:00",59400
"992",34.07,"2020-02-19 09:00:00","2020-02-19 12:00:00",59460
"993",34.1,"2020-02-19 10:00:00","2020-02-19 13:00:00",59520
"994",34.12,"2020-02-19 11:00:00","2020-02-19 14:00:00",59580
"995",34.14,"2020-02-19 12:00:00","2020-02-19 15:00:00",59640
"996",34.16,"2020-02-19 13:00:00","2020-02-19 16:00:00",59700
"997",34.17,"2020-02-19 14:00:00","2020-02-19 17:00:00",59760
"998",34.19,"2020-02-19 15:00:00","2020-02-19 18:00:00",59820
"999",34.2,"2020-02-19 16:00:00","2020-02-19 19:00:00",59880
"1000",34.2,"2020-02-19 17:00:00","2020-02-19 20:00:00",59940
"1001",34.19,"2020-02-19 18:00:00","2020-02-19 21:00:00",60000
"1002",34.18,"2020-02-19 19:00:00","2020-02-19 22:00:00",60060
"1003",34.16,"2020-02-19 20:00:00","2020-02-19 23:00:00",60120
"1004",34.13,"2020-02-19 21:00:00","2020-02-20 00:00:00",60180
"1005",34.07,"2020-02-19 22:00:00","2020-02-20 01:00:00",60240
"1006",33.99,"2020-02-19 23:00:00","2020-02-20 02:00:00",60300
"1007",33.89,"2020-02-20 00:00:00","2020-02-20 03:00:00",60360
"1008",33.79,"2020-02-20 01:00:00","2020-02-20 04:00:00",60420
"1009",33.68,"2020-02-20 02:00:00","2020-02-20 05:00:00",60480
"1010",33.57,"2020-02-20 03:00:00","2020-02-20 06:00:00",60540
"1011",33.46,"2020-02-20 04:00:00","2020-02-20 07:00:00",60600
"1012",33.35,"2020-02-20 05:00:00","2020-02-20 08:00:00",60660
"1013",33.24,"2020-02-20 06:00:00","2020-02-20 09:00:00",60720
"1014",33.12,"2020-02-20 07:00:00","2020-02-20 10:00:00",60780
"1015",33.02,"2020-02-20 08:00:00","2020-02-20 11:00:00",60840
"1016",32.93,"2020-02-20 09:00:00","2020-02-20 12:00:00",60900
"1017",32.84,"2020-02-20 10:00:00","2020-02-20 13:00:00",60960
"1018",32.76,"2020-02-20 11:00:00","2020-02-20 14:00:00",61020
"1019",32.68,"2020-02-20 12:00:00","2020-02-20 15:00:00",61080
"1020",32.61,"2020-02-20 13:00:00","2020-02-20 16:00:00",61140
"1021",32.56,"2020-02-20 14:00:00","2020-02-20 17:00:00",61200
"1022",32.51,"2020-02-20 15:00:00","2020-02-20 18:00:00",61260
"1023",32.47,"2020-02-20 16:00:00","2020-02-20 19:00:00",61320
"1024",32.44,"2020-02-20 17:00:00","2020-02-20 20:00:00",61380
"1025",32.41,"2020-02-20 18:00:00","2020-02-20 21:00:00",61440
"1026",32.39,"2020-02-20 19:00:00","2020-02-20 22:00:00",61500
"1027",32.37,"2020-02-20 20:00:00","2020-02-20 23:00:00",61560
"1028",32.35,"2020-02-20 21:00:00","2020-02-21 00:00:00",61620
"1029",32.33,"2020-02-20 22:00:00","2020-02-21 01:00:00",61680
"1030",32.33,"2020-02-20 23:00:00","2020-02-21 02:00:00",61740
"1031",32.32,"2020-02-21 00:00:00","2020-02-21 03:00:00",61800
"1032",32.32,"2020-02-21 01:00:00","2020-02-21 04:00:00",61860
"1033",32.32,"2020-02-21 02:00:00","2020-02-21 05:00:00",61920
"1034",32.33,"2020-02-21 03:00:00","2020-02-21 06:00:00",61980
"1035",32.33,"2020-02-21 04:00:00","2020-02-21 07:00:00",62040
"1036",32.34,"2020-02-21 05:00:00","2020-02-21 08:00:00",62100
"1037",32.35,"2020-02-21 06:00:00","2020-02-21 09:00:00",62160
"1038",32.35,"2020-02-21 07:00:00","2020-02-21 10:00:00",62220
"1039",32.36,"2020-02-21 08:00:00","2020-02-21 11:00:00",62280
"1040",32.37,"2020-02-21 09:00:00","2020-02-21 12:00:00",62340
"1041",32.4,"2020-02-21 10:00:00","2020-02-21 13:00:00",62400
"1042",32.4,"2020-02-21 11:00:00","2020-02-21 14:00:00",62460
"1043",32.44,"2020-02-21 12:00:00","2020-02-21 15:00:00",62520
"1044",32.48,"2020-02-21 13:00:00","2020-02-21 16:00:00",62580
"1045",32.53,"2020-02-21 14:00:00","2020-02-21 17:00:00",62640
"1046",32.55,"2020-02-21 15:00:00","2020-02-21 18:00:00",62700
"1047",32.59,"2020-02-21 16:00:00","2020-02-21 19:00:00",62760
"1048",32.63,"2020-02-21 17:00:00","2020-02-21 20:00:00",62820
"1049",32.65,"2020-02-21 18:00:00","2020-02-21 21:00:00",62880
"1050",32.68,"2020-02-21 19:00:00","2020-02-21 22:00:00",62940
"1051",32.7,"2020-02-21 20:00:00","2020-02-21 23:00:00",63000
"1052",32.7,"2020-02-21 21:00:00","2020-02-22 00:00:00",63060
"1053",32.7,"2020-02-21 22:00:00","2020-02-22 01:00:00",63120
"1054",32.72,"2020-02-21 23:00:00","2020-02-22 02:00:00",63180
"1055",32.72,"2020-02-22 00:00:00","2020-02-22 03:00:00",63240
"1056",32.71,"2020-02-22 01:00:00","2020-02-22 04:00:00",63300
"1057",32.72,"2020-02-22 02:00:00","2020-02-22 05:00:00",63360
"1058",32.74,"2020-02-22 03:00:00","2020-02-22 06:00:00",63420
"1059",32.77,"2020-02-22 04:00:00","2020-02-22 07:00:00",63480
"1060",32.77,"2020-02-22 05:00:00","2020-02-22 08:00:00",63540
"1061",32.76,"2020-02-22 06:00:00","2020-02-22 09:00:00",63600
"1062",32.76,"2020-02-22 07:00:00","2020-02-22 10:00:00",63660
"1063",32.76,"2020-02-22 08:00:00","2020-02-22 11:00:00",63720
"1064",32.77,"2020-02-22 09:00:00","2020-02-22 12:00:00",63780
"1065",32.78,"2020-02-22 10:00:00","2020-02-22 13:00:00",63840
"1066",32.81,"2020-02-22 11:00:00","2020-02-22 14:00:00",63900
"1067",32.83,"2020-02-22 12:00:00","2020-02-22 15:00:00",63960
"1068",32.85,"2020-02-22 13:00:00","2020-02-22 16:00:00",64020
"1069",32.85,"2020-02-22 14:00:00","2020-02-22 17:00:00",64080
"1070",32.86,"2020-02-22 15:00:00","2020-02-22 18:00:00",64140
"1071",32.88,"2020-02-22 16:00:00","2020-02-22 19:00:00",64200
"1072",32.89,"2020-02-22 17:00:00","2020-02-22 20:00:00",64260
"1073",32.9,"2020-02-22 18:00:00","2020-02-22 21:00:00",64320
"1074",32.92,"2020-02-22 19:00:00","2020-02-22 22:00:00",64380
"1075",32.93,"2020-02-22 20:00:00","2020-02-22 23:00:00",64440
"1076",32.95,"2020-02-22 21:00:00","2020-02-23 00:00:00",64500
"1077",32.95,"2020-02-22 22:00:00","2020-02-23 01:00:00",64560
"1078",32.96,"2020-02-22 23:00:00","2020-02-23 02:00:00",64620
"1079",32.96,"2020-02-23 00:00:00","2020-02-23 03:00:00",64680
"1080",32.98,"2020-02-23 01:00:00","2020-02-23 04:00:00",64740
"1081",32.99,"2020-02-23 02:00:00","2020-02-23 05:00:00",64800
"1082",33,"2020-02-23 03:00:00","2020-02-23 06:00:00",64860
"1083",33.02,"2020-02-23 04:00:00","2020-02-23 07:00:00",64920
"1084",33.03,"2020-02-23 05:00:00","2020-02-23 08:00:00",64980
"1085",33.04,"2020-02-23 06:00:00","2020-02-23 09:00:00",65040
"1086",33.06,"2020-02-23 07:00:00","2020-02-23 10:00:00",65100
"1087",33.08,"2020-02-23 08:00:00","2020-02-23 11:00:00",65160
"1088",33.09,"2020-02-23 09:00:00","2020-02-23 12:00:00",65220
"1089",33.11,"2020-02-23 10:00:00","2020-02-23 13:00:00",65280
"1090",33.13,"2020-02-23 11:00:00","2020-02-23 14:00:00",65340
"1091",33.15,"2020-02-23 12:00:00","2020-02-23 15:00:00",65400
"1092",33.16,"2020-02-23 13:00:00","2020-02-23 16:00:00",65460
"1093",33.18,"2020-02-23 14:00:00","2020-02-23 17:00:00",65520
"1094",33.19,"2020-02-23 15:00:00","2020-02-23 18:00:00",65580
"1095",33.2,"2020-02-23 16:00:00","2020-02-23 19:00:00",65640
"1096",33.21,"2020-02-23 17:00:00","2020-02-23 20:00:00",65700
"1097",33.21,"2020-02-23 18:00:00","2020-02-23 21:00:00",65760
"1098",33.23,"2020-02-23 19:00:00","2020-02-23 22:00:00",65820
"1099",33.23,"2020-02-23 20:00:00","2020-02-23 23:00:00",65880
"1100",33.24,"2020-02-23 21:00:00","2020-02-24 00:00:00",65940
"1101",33.25,"2020-02-23 22:00:00","2020-02-24 01:00:00",66000
"1102",33.27,"2020-02-23 23:00:00","2020-02-24 02:00:00",66060
"1103",33.28,"2020-02-24 00:00:00","2020-02-24 03:00:00",66120
"1104",33.29,"2020-02-24 01:00:00","2020-02-24 04:00:00",66180
"1105",33.3,"2020-02-24 02:00:00","2020-02-24 05:00:00",66240
"1106",33.3,"2020-02-24 03:00:00","2020-02-24 06:00:00",66300
"1107",33.32,"2020-02-24 04:00:00","2020-02-24 07:00:00",66360
"1108",33.34,"2020-02-24 05:00:00","2020-02-24 08:00:00",66420
"1109",33.37,"2020-02-24 06:00:00","2020-02-24 09:00:00",66480
"1110",33.39,"2020-02-24 07:00:00","2020-02-24 10:00:00",66540
"1111",33.41,"2020-02-24 08:00:00","2020-02-24 11:00:00",66600
"1112",33.44,"2020-02-24 09:00:00","2020-02-24 12:00:00",66660
"1113",33.46,"2020-02-24 10:00:00","2020-02-24 13:00:00",66720
"1114",33.47,"2020-02-24 11:00:00","2020-02-24 14:00:00",66780
"1115",33.48,"2020-02-24 12:00:00","2020-02-24 15:00:00",66840
"1116",33.49,"2020-02-24 13:00:00","2020-02-24 16:00:00",66900
"1117",33.5,"2020-02-24 14:00:00","2020-02-24 17:00:00",66960
"1118",33.51,"2020-02-24 15:00:00","2020-02-24 18:00:00",67020
"1119",33.52,"2020-02-24 16:00:00","2020-02-24 19:00:00",67080
"1120",33.52,"2020-02-24 17:00:00","2020-02-24 20:00:00",67140
"1121",33.53,"2020-02-24 18:00:00","2020-02-24 21:00:00",67200
"1122",33.53,"2020-02-24 19:00:00","2020-02-24 22:00:00",67260
"1123",33.53,"2020-02-24 20:00:00","2020-02-24 23:00:00",67320
"1124",33.53,"2020-02-24 21:00:00","2020-02-25 00:00:00",67380
"1125",33.53,"2020-02-24 22:00:00","2020-02-25 01:00:00",67440
"1126",33.52,"2020-02-24 23:00:00","2020-02-25 02:00:00",67500
"1127",33.51,"2020-02-25 00:00:00","2020-02-25 03:00:00",67560
"1128",33.49,"2020-02-25 01:00:00","2020-02-25 04:00:00",67620
"1129",33.49,"2020-02-25 02:00:00","2020-02-25 05:00:00",67680
"1130",33.48,"2020-02-25 03:00:00","2020-02-25 06:00:00",67740
"1131",33.48,"2020-02-25 04:00:00","2020-02-25 07:00:00",67800
"1132",33.48,"2020-02-25 05:00:00","2020-02-25 08:00:00",67860
"1133",33.48,"2020-02-25 06:00:00","2020-02-25 09:00:00",67920
"1134",33.48,"2020-02-25 07:00:00","2020-02-25 10:00:00",67980
"1135",33.48,"2020-02-25 08:00:00","2020-02-25 11:00:00",68040
"1136",33.47,"2020-02-25 09:00:00","2020-02-25 12:00:00",68100
"1137",33.46,"2020-02-25 10:00:00","2020-02-25 13:00:00",68160
"1138",33.46,"2020-02-25 11:00:00","2020-02-25 14:00:00",68220
"1139",33.45,"2020-02-25 12:00:00","2020-02-25 15:00:00",68280
"1140",33.44,"2020-02-25 13:00:00","2020-02-25 16:00:00",68340
"1141",33.43,"2020-02-25 14:00:00","2020-02-25 17:00:00",68400
"1142",33.42,"2020-02-25 15:00:00","2020-02-25 18:00:00",68460
"1143",33.42,"2020-02-25 16:00:00","2020-02-25 19:00:00",68520
"1144",33.41,"2020-02-25 17:00:00","2020-02-25 20:00:00",68580
"1145",33.4,"2020-02-25 18:00:00","2020-02-25 21:00:00",68640
"1146",33.38,"2020-02-25 19:00:00","2020-02-25 22:00:00",68700
"1147",33.38,"2020-02-25 20:00:00","2020-02-25 23:00:00",68760
"1148",33.36,"2020-02-25 21:00:00","2020-02-26 00:00:00",68820
"1149",33.34,"2020-02-25 22:00:00","2020-02-26 01:00:00",68880
"1150",33.32,"2020-02-25 23:00:00","2020-02-26 02:00:00",68940
"1151",33.3,"2020-02-26 00:00:00","2020-02-26 03:00:00",69000
"1152",33.29,"2020-02-26 01:00:00","2020-02-26 04:00:00",69060
"1153",33.27,"2020-02-26 02:00:00","2020-02-26 05:00:00",69120
"1154",33.25,"2020-02-26 03:00:00","2020-02-26 06:00:00",69180
"1155",33.25,"2020-02-26 04:00:00","2020-02-26 07:00:00",69240
"1156",33.25,"2020-02-26 05:00:00","2020-02-26 08:00:00",69300
"1157",33.25,"2020-02-26 06:00:00","2020-02-26 09:00:00",69360
"1158",33.26,"2020-02-26 07:00:00","2020-02-26 10:00:00",69420
"1159",33.27,"2020-02-26 08:00:00","2020-02-26 11:00:00",69480
"1160",33.27,"2020-02-26 09:00:00","2020-02-26 12:00:00",69540
"1161",33.27,"2020-02-26 10:00:00","2020-02-26 13:00:00",69600
"1162",33.28,"2020-02-26 11:00:00","2020-02-26 14:00:00",69660
"1163",33.29,"2020-02-26 12:00:00","2020-02-26 15:00:00",69720
"1164",33.3,"2020-02-26 13:00:00","2020-02-26 16:00:00",69780
"1165",33.32,"2020-02-26 14:00:00","2020-02-26 17:00:00",69840
"1166",33.34,"2020-02-26 15:00:00","2020-02-26 18:00:00",69900
"1167",33.36,"2020-02-26 16:00:00","2020-02-26 19:00:00",69960
"1168",33.38,"2020-02-26 17:00:00","2020-02-26 20:00:00",70020
"1169",33.39,"2020-02-26 18:00:00","2020-02-26 21:00:00",70080
"1170",33.4,"2020-02-26 19:00:00","2020-02-26 22:00:00",70140
"1171",33.41,"2020-02-26 20:00:00","2020-02-26 23:00:00",70200
"1172",33.41,"2020-02-26 21:00:00","2020-02-27 00:00:00",70260
"1173",33.39,"2020-02-26 22:00:00","2020-02-27 01:00:00",70320
"1174",33.37,"2020-02-26 23:00:00","2020-02-27 02:00:00",70380
"1175",33.35,"2020-02-27 00:00:00","2020-02-27 03:00:00",70440
"1176",33.32,"2020-02-27 01:00:00","2020-02-27 04:00:00",70500
"1177",33.32,"2020-02-27 02:00:00","2020-02-27 05:00:00",70560
"1178",33.31,"2020-02-27 03:00:00","2020-02-27 06:00:00",70620
"1179",33.32,"2020-02-27 04:00:00","2020-02-27 07:00:00",70680
"1180",33.32,"2020-02-27 05:00:00","2020-02-27 08:00:00",70740
"1181",33.33,"2020-02-27 06:00:00","2020-02-27 09:00:00",70800
"1182",33.35,"2020-02-27 07:00:00","2020-02-27 10:00:00",70860
"1183",33.37,"2020-02-27 08:00:00","2020-02-27 11:00:00",70920
"1184",33.38,"2020-02-27 09:00:00","2020-02-27 12:00:00",70980
"1185",33.4,"2020-02-27 10:00:00","2020-02-27 13:00:00",71040
"1186",33.4,"2020-02-27 11:00:00","2020-02-27 14:00:00",71100
"1187",33.4,"2020-02-27 12:00:00","2020-02-27 15:00:00",71160
"1188",33.42,"2020-02-27 13:00:00","2020-02-27 16:00:00",71220
"1189",33.41,"2020-02-27 14:00:00","2020-02-27 17:00:00",71280
"1190",33.42,"2020-02-27 15:00:00","2020-02-27 18:00:00",71340
"1191",33.42,"2020-02-27 16:00:00","2020-02-27 19:00:00",71400
"1192",33.42,"2020-02-27 17:00:00","2020-02-27 20:00:00",71460
"1193",33.42,"2020-02-27 18:00:00","2020-02-27 21:00:00",71520
"1194",33.43,"2020-02-27 19:00:00","2020-02-27 22:00:00",71580
"1195",33.43,"2020-02-27 20:00:00","2020-02-27 23:00:00",71640
"1196",33.44,"2020-02-27 21:00:00","2020-02-28 00:00:00",71700
"1197",33.43,"2020-02-27 22:00:00","2020-02-28 01:00:00",71760
"1198",33.43,"2020-02-27 23:00:00","2020-02-28 02:00:00",71820
"1199",33.41,"2020-02-28 00:00:00","2020-02-28 03:00:00",71880
"1200",33.4,"2020-02-28 01:00:00","2020-02-28 04:00:00",71940
"1201",33.37,"2020-02-28 02:00:00","2020-02-28 05:00:00",72000
"1202",33.33,"2020-02-28 03:00:00","2020-02-28 06:00:00",72060
"1203",33.27,"2020-02-28 04:00:00","2020-02-28 07:00:00",72120
"1204",33.21,"2020-02-28 05:00:00","2020-02-28 08:00:00",72180
"1205",33.12,"2020-02-28 06:00:00","2020-02-28 09:00:00",72240
"1206",33.02,"2020-02-28 07:00:00","2020-02-28 10:00:00",72300
"1207",32.92,"2020-02-28 08:00:00","2020-02-28 11:00:00",72360
"1208",32.8,"2020-02-28 09:00:00","2020-02-28 12:00:00",72420
"1209",32.67,"2020-02-28 10:00:00","2020-02-28 13:00:00",72480
"1210",32.53,"2020-02-28 11:00:00","2020-02-28 14:00:00",72540
"1211",32.39,"2020-02-28 12:00:00","2020-02-28 15:00:00",72600
"1212",32.25,"2020-02-28 13:00:00","2020-02-28 16:00:00",72660
"1213",32.11,"2020-02-28 14:00:00","2020-02-28 17:00:00",72720
"1214",31.98,"2020-02-28 15:00:00","2020-02-28 18:00:00",72780
"1215",31.86,"2020-02-28 16:00:00","2020-02-28 19:00:00",72840
"1216",31.75,"2020-02-28 17:00:00","2020-02-28 20:00:00",72900
"1217",31.67,"2020-02-28 18:00:00","2020-02-28 21:00:00",72960
"1218",31.6,"2020-02-28 19:00:00","2020-02-28 22:00:00",73020
"1219",31.55,"2020-02-28 20:00:00","2020-02-28 23:00:00",73080
"1220",31.5,"2020-02-28 21:00:00","2020-02-29 00:00:00",73140
"1221",31.46,"2020-02-28 22:00:00","2020-02-29 01:00:00",73200
"1222",31.43,"2020-02-28 23:00:00","2020-02-29 02:00:00",73260
"1223",31.4,"2020-02-29 00:00:00","2020-02-29 03:00:00",73320
