"","id","date","lon","lat","x","y","x.se","y.se","u","v","u.se","v.se","s","s.se","Hauled.Out","Nesting_attempt","Observed","Number_dives","Dives","Total_dive_time_sec","Avg_dive_time_sec","Avg_dive_depth","SD_dive_depth","Number_surfaces","Surfaces","Total_surface_time_sec","Avg_surface_time_sec"
"1",41589,2018-03-18 07:33:59,-35.0275,-6.3338,-3899.243464,-701.8052746,1e-05,1e-05,2.98e-09,1.84e-09,1e-05,1e-05,0,0,NA,NA,NA,2,"1:2",830,415,8,1.4142135623731,2,"1:2",110,55
"2",41589,2018-03-18 07:50:31,-35.02474037,-6.332096571,-3898.936263,-701.6157473,0.03520546,0.034954679,1.112572032,0.687106024,0.127549118,0.126604662,1.307643379,0.128968812,NA,NA,NA,2,"3:4",1490,745,14,2.82842712474619,2,"3:4",40,20
"3",41589,2018-03-18 08:15:46,-35.01781542,-6.326663733,-3898.165381,-701.0112818,0.052736996,0.053836923,1.830908151,1.436044151,0.103863492,0.108140004,1.037745199,0.17570736,NA,NA,NA,1,"5",980,980,18.5,NA,1,"5",10,10
"4",41589,2018-03-18 08:33:13,-35.01335705,-6.322119789,-3897.669078,-700.5057209,0.055878803,0.059473263,1.706050487,1.737993231,0.123513249,0.127738366,0.326745595,0.16715824,NA,NA,NA,1,"6",1290,1290,20.5,NA,1,"6",100,100
"5",41589,2018-03-18 08:56:10,-35.0087149,-6.315268387,-3897.152316,-699.7434399,0.054768123,0.060840566,1.350897746,1.992751806,0.126056845,0.13136414,0.437075967,0.177289916,NA,NA,NA,1,"7",1290,1290,22.5,NA,1,"7",70,70
"6",41589,2018-03-18 09:19:27,-35.00556862,-6.307790014,-3896.802074,-698.9114143,0.056539358,0.06400082,0.902650586,2.143929132,0.131033728,0.136590301,0.473054014,0.1791346,NA,NA,NA,1,"8",1580,1580,23.5,NA,1,"8",120,120
"7",41589,2018-03-18 09:47:59,-35.0036633,-6.298495363,-3896.589975,-697.8773309,0.058937679,0.066797611,0.446034082,2.174391115,0.123169983,0.131453139,0.457631472,0.187287353,NA,NA,NA,1,"9",1660,1660,23.5,NA,1,"9",130,130
"8",41589,2018-03-18 10:17:48,-35.00359242,-6.289206015,-3896.582084,-696.8438563,0.062533529,0.07093266,0.015860456,2.079625017,0.126740724,0.135239307,0.440488322,0.189283319,NA,NA,NA,2,"10:11",2110,1055,13.75,10.2530483272049,2,"10:11",80,40
"9",41589,2018-03-18 10:54:16,-35.00657094,-6.278847522,-3896.913652,-695.6914575,0.06604542,0.074666156,-0.545511422,1.896129744,0.119610403,0.129392984,0.590600458,0.193577972,NA,NA,NA,2,"12:13",2300,1150,13,9.19238815542512,2,"12:13",140,70
"10",41589,2018-03-18 11:34:43,-35.01305882,-6.267694373,-3897.635879,-694.4506777,0.065496311,0.074276253,-1.071176062,1.840489939,0.11371368,0.122914233,0.52860108,0.187858067,NA,NA,NA,2,"14:15",2250,1125,12.25,8.83883476483184,2,"14:15",50,25
"11",41589,2018-03-18 12:12:01,-35.01933887,-6.257151138,-3898.334971,-693.2777752,0.061823507,0.069647714,-1.124455056,1.886699492,0.114166179,0.12303308,0.070526406,0.183987687,NA,NA,NA,1,"16",1690,1690,18.5,NA,1,"16",70,70
"12",41589,2018-03-18 12:41:56,-35.02351472,-6.248608657,-3898.799825,-692.327468,0.060533482,0.068262952,-0.932296927,1.905896369,0.124424272,0.132843542,0.193114646,0.182448714,NA,NA,NA,1,"17",1810,1810,19,NA,1,"17",80,80
"13",41589,2018-03-18 13:12:57,-35.02691928,-6.239758799,-3899.178819,-691.3429833,0.060235216,0.068124843,-0.733227077,1.904404235,0.122030484,0.130622224,0.199075442,0.186207095,NA,NA,NA,1,"18",1760,1760,18,NA,1,"18",30,30
"14",41589,2018-03-18 13:43:48,-35.03011839,-6.231186879,-3899.534942,-690.3894333,0.061132256,0.069174378,-0.692756453,1.854457819,0.12388963,0.13232109,0.064284648,0.189581592,NA,NA,NA,1,"19",1900,1900,15.5,NA,1,"19",90,90
"15",41589,2018-03-18 14:16:36,-35.03459248,-6.223261424,-3900.032995,-689.5078109,0.06233549,0.070262484,-0.911141654,1.612707926,0.121036388,0.129697002,0.325783835,0.194330793,NA,NA,NA,1,"20",1960,1960,14,NA,1,"20",100,100
"16",41589,2018-03-18 14:50:25,-35.04115502,-6.216538182,-3900.763533,-688.7599323,0.059292454,0.066921131,-1.296187576,1.326894533,0.114682816,0.123411507,0.479530664,0.190000768,NA,NA,NA,1,"21",1560,1560,16,NA,1,"21",20,20
"17",41589,2018-03-18 15:17:02,-35.04762113,-6.212495329,-3901.483338,-688.3102191,0.056763569,0.064445562,-1.622464551,1.013771472,0.124143381,0.131820153,0.452219765,0.184603012,NA,NA,NA,1,"22",1410,1410,15.5,NA,1,"22",80,80
"18",41589,2018-03-18 15:42:38,-35.05444399,-6.209694069,-3902.242855,-687.9986183,0.057054973,0.064628544,-1.779955269,0.730613072,0.127893639,0.137602499,0.324009267,0.18860922,NA,NA,NA,2,"23:24",1670,835,7.75,8.1317279836453,2,"23:24",70,35
"19",41589,2018-03-18 16:10:44,-35.06187337,-6.206475902,-3903.06989,-687.6406448,0.058687763,0.067006931,-1.76564437,0.764572529,0.124582325,0.133069088,0.036851683,0.191713576,NA,NA,NA,1,"25",1590,1590,12.5,NA,1,"25",50,50
"20",41589,2018-03-18 16:38:23,-35.06761251,-6.201944638,-3903.708768,-687.1366123,0.058629916,0.066059201,-1.386235031,1.093677289,0.122462347,0.130344699,0.502256299,0.190136247,NA,NA,NA,1,"26",1490,1490,12.5,NA,1,"26",80,80
"21",41589,2018-03-18 17:05:01,-35.07107888,-6.196640518,-3904.094643,-686.5466172,0.057342406,0.064832358,-0.869372251,1.32890794,0.126277535,0.136557661,0.567873747,0.18689096,NA,NA,NA,1,"27",1480,1480,13.5,NA,1,"27",100,100
"22",41589,2018-03-18 17:31:23,-35.07280073,-6.191592152,-3904.286318,-685.985076,0.06527083,0.074709069,-0.43642935,1.277595012,0.141509623,0.150727585,0.435973133,0.187699671,NA,NA,NA,1,"28",2690,2690,16,NA,1,"28",120,120
"23",41589,2018-03-18 18:17:51,-35.07407909,-6.186826151,-3904.428625,-685.4549478,0.07202438,0.082628507,-0.183768348,0.68453385,0.108910702,0.119999357,0.644638754,0.207878779,NA,NA,NA,1,"29",2990,2990,16.5,NA,1,"29",100,100
"24",41589,2018-03-18 19:09:49,-35.07414859,-6.186288391,-3904.436361,-685.3951325,0.073146716,0.083873918,-0.008954312,0.069122964,0.105826873,0.118093526,0.639758162,0.191828876,NA,NA,NA,1,"30",3040,3040,16.5,NA,1,"30",150,150
"25",41589,2018-03-18 20:02:54,-35.07439388,-6.186383188,-3904.463667,-685.4056768,0.07043755,0.080300446,-0.03085477,-0.011911866,0.1016211,0.112486129,0.083942085,0.189849686,NA,NA,NA,1,"31",2420,2420,16.5,NA,1,"31",170,170
"26",41589,2018-03-18 20:45:55,-35.07426622,-6.186571778,-3904.449455,-685.4266538,0.076419535,0.088481596,0.019810351,-0.029252137,0.127046518,0.140545418,0.053550346,0.184211876,NA,NA,NA,3,"32:34",5170,1723.33333333333,16.3333333333333,0.288675134594813,3,"32:34",320,106.666666666667
"27",41589,2018-03-18 22:17:27,-35.07423613,-6.186503231,-3904.446106,-685.4190292,0.067202265,0.076737443,0.002196932,0.004998526,0.0626487,0.07120111,0.038514159,0.176982933,NA,NA,NA,1,"35",1560,1560,15.5,NA,1,"35",140,140
"28",41589,2018-03-18 22:46:00,-35.07415914,-6.186393164,-3904.437535,-685.4067864,0.07251875,0.083900035,0.017997028,0.025710173,0.15810545,0.169074678,0.026050247,0.191792773,NA,NA,NA,3,"36:38",7010,2336.66666666667,15.1666666666667,0.577350269189626,3,"36:38",360,120
"29",41589,2018-03-19 00:48:49,-35.07424532,-6.186487367,-3904.447129,-685.4172647,0.077603361,0.089919016,-0.004686061,-0.005118665,0.050596947,0.058164197,0.038274532,0.195496205,NA,NA,NA,1,"39",3020,3020,14,NA,1,"39",160,160
"30",41589,2018-03-19 01:41:49,-35.0740761,-6.186504063,-3904.428292,-685.4191218,0.073000401,0.083513266,0.021317083,-0.002102581,0.10848563,0.120945297,0.026177476,0.14036556,NA,NA,NA,1,"40",2960,2960,14,NA,1,"40",170,170
"31",41589,2018-03-19 02:33:53,-35.07427455,-6.186513383,-3904.450383,-685.4201585,0.079106045,0.092064599,-0.025451129,-0.001195269,0.113853587,0.128073065,0.046777012,0.181149096,NA,NA,NA,2,"41:42",6110,3055,14.25,0.353553390593274,2,"41:42",320,160
"32",41589,2018-03-19 04:20:51,-35.07457791,-6.186669017,-3904.484153,-685.4374697,0.081470986,0.095422138,-0.018941904,-0.009709549,0.062240852,0.072089543,0.010717414,0.161329554,NA,NA,NA,2,"43:44",4870,2435,15.5,0.707106781186548,2,"43:44",300,150
"33",41589,2018-03-19 05:47:13,-35.0744022,-6.186325844,-3904.464592,-685.3992984,0.081042159,0.094815323,0.013587215,0.026516725,0.07759675,0.089873939,0.048687641,0.134973416,NA,NA,NA,2,"45:46",5480,2740,16,0.707106781186548,2,"45:46",330,165
"34",41589,2018-03-19 07:23:42,-35.07475216,-6.186255332,-3904.503551,-685.3914553,0.075175174,0.08650726,-0.024228391,0.0048779,0.066002954,0.075672441,0.043569011,0.13194374,NA,NA,NA,1,"47",2680,2680,16.5,NA,1,"47",140,140
"35",41589,2018-03-19 08:11:03,-35.07533312,-6.186190493,-3904.568222,-685.3842432,0.069978494,0.079440084,-0.081901471,0.009130535,0.113613867,0.124626401,0.057829656,0.152040557,NA,NA,NA,1,"48",2510,2510,16.5,NA,1,"48",180,180
"36",41589,2018-03-19 08:55:54,-35.07423236,-6.186454938,-3904.445687,-685.4136575,0.069262827,0.078724511,0.163857545,-0.039338179,0.113301192,0.123245057,0.250492934,0.18293162,NA,NA,NA,1,"49",2450,2450,16.5,NA,1,"49",200,200
"37",41589,2018-03-19 09:40:07,-35.0741093,-6.186585074,-3904.431987,-685.4281327,0.069228693,0.078866954,0.018612142,-0.019642342,0.11318637,0.123734251,0.146574735,0.182920623,NA,NA,NA,1,"50",2520,2520,16,NA,1,"50",200,200
"38",41589,2018-03-19 10:25:11,-35.07416743,-6.186592609,-3904.438458,-685.4289708,0.06710936,0.076272252,-0.008612775,-0.001117214,0.10895234,0.119224644,0.032929872,0.182314321,NA,NA,NA,1,"51",2160,2160,15.5,NA,1,"51",150,150
"39",41589,2018-03-19 11:03:54,-35.07427402,-6.186543735,-3904.450323,-685.4235346,0.066110181,0.075091795,-0.018368336,0.008420877,0.118441213,0.128319648,0.013643539,0.185094808,NA,NA,NA,2,"52:53",2280,1140,8.5,9.19238815542512,2,"52:53",100,50
"40",41589,2018-03-19 11:43:18,-35.07401099,-6.18651992,-3904.421043,-685.4208855,0.066964157,0.076057606,0.044554217,0.004041089,0.117612869,0.127609017,0.063074799,0.186497413,NA,NA,NA,1,"54",2300,2300,15,NA,1,"54",160,160
"41",41589,2018-03-19 12:24:30,-35.07419968,-6.186348986,-3904.442049,-685.4018725,0.068707311,0.078222625,-0.030575002,0.027679627,0.116698341,0.1271448,0.07876027,0.186617353,NA,NA,NA,1,"55",2590,2590,15,NA,1,"55",120,120
"42",41589,2018-03-19 13:09:45,-35.07445724,-6.186286795,-3904.47072,-685.394955,0.069301153,0.078901052,-0.038003407,0.009171256,0.110817602,0.121396464,0.019943445,0.198222239,NA,NA,NA,2,"56:57",2540,1270,14,0,2,"56:57",140,70
"43",41589,2018-03-19 13:54:08,-35.07424723,-6.1863919,-3904.447342,-685.4066458,0.067956192,0.077313323,0.031586296,-0.015790643,0.111279043,0.121662698,0.073931206,0.18033398,NA,NA,NA,1,"58",2330,2330,14,NA,1,"58",130,130
"44",41589,2018-03-19 14:35:14,-35.07420544,-6.186203055,-3904.442689,-685.3856405,0.068639378,0.078155958,0.006786143,0.03064499,0.117593604,0.128126619,0.052643286,0.19133896,NA,NA,NA,1,"59",2570,2570,14.5,NA,1,"59",120,120
"45",41589,2018-03-19 15:20:19,-35.07451151,-6.186284164,-3904.476761,-685.3946623,0.06874616,0.078240079,-0.045329637,-0.011996003,0.110445541,0.120994011,0.067337277,0.192930332,NA,NA,NA,1,"60",2410,2410,14,NA,1,"60",170,170
"46",41589,2018-03-19 16:03:13,-35.07461078,-6.186244431,-3904.487812,-685.3902428,0.069171799,0.078813482,-0.015458586,0.006175627,0.115229249,0.125847989,0.034964093,0.188792848,NA,NA,NA,1,"61",2580,2580,15,NA,1,"61",150,150
"47",41589,2018-03-19 16:48:50,-35.07458896,-6.186266977,-3904.485382,-685.3927506,0.068688143,0.078178722,0.003194482,-0.00329733,0.109760585,0.120330262,0.020920657,0.182960307,NA,NA,NA,1,"62",2400,2400,15.5,NA,1,"62",160,160
"48",41589,2018-03-19 17:31:22,-35.07448254,-6.186301755,-3904.473537,-685.396619,0.068438038,0.077915017,0.016707717,-0.005460709,0.114995838,0.125466716,0.013685311,0.180927996,NA,NA,NA,1,"63",2470,2470,16,NA,1,"63",160,160
"49",41589,2018-03-19 18:15:03,-35.07437087,-6.186473023,-3904.461105,-685.4156692,0.06763822,0.076910516,0.017067287,-0.026153709,0.111570453,0.121927751,0.020696124,0.19629529,NA,NA,NA,1,"64",2260,2260,16,NA,1,"64",170,170
"50",41589,2018-03-19 18:55:42,-35.07449529,-6.186390603,-3904.474955,-685.4065016,0.066870725,0.076043313,-0.020433296,0.013522638,0.11583521,0.125967186,0.054594013,0.186664915,NA,NA,NA,1,"65",2240,2240,16.5,NA,1,"65",160,160
"51",41589,2018-03-19 19:35:45,-35.07459456,-6.186294212,-3904.486006,-685.3957799,0.068708521,0.078181954,-0.016547999,0.016068652,0.118807858,0.129310589,0.004645183,0.192528962,NA,NA,NA,1,"66",2550,2550,16.5,NA,1,"66",180,180
"52",41589,2018-03-19 20:21:14,-35.07444191,-6.185971832,-3904.469014,-685.3599214,0.075125157,0.086561564,0.022401903,0.04729463,0.118223778,0.130785926,0.049921503,0.198996329,NA,NA,NA,2,"67:68",4080,2040,16.75,0.353553390593274,2,"67:68",310,155
"53",41589,2018-03-19 21:34:21,-35.07493696,-6.185803748,-3904.524122,-685.3412254,0.065665222,0.075210121,-0.04523566,0.015307217,0.075240662,0.084958466,0.074820013,0.172893951,NA,NA,NA,1,"69",1540,1540,16.5,NA,1,"69",150,150
"54",41589,2018-03-19 22:02:28,-35.075767,-6.187173761,-3904.616522,-685.4936128,0.058966852,0.067324453,-0.197087398,-0.325051284,0.12978036,0.137888867,0.37269674,0.177685558,NA,NA,NA,1,"70",1680,1680,14.5,NA,1,"70",100,100
"55",41589,2018-03-19 22:32:01,-35.07676166,-6.189302929,-3904.727247,-685.7304423,0.058184882,0.066061065,-0.224761052,-0.480587937,0.123422532,0.13489116,0.157979371,0.192087279,NA,NA,NA,1,"71",1570,1570,13.5,NA,1,"71",140,140
"56",41589,2018-03-19 23:00:33,-35.07742401,-6.190104376,-3904.800979,-685.8195883,0.053897522,0.061667412,-0.154972146,-0.187394572,0.11586854,0.123611084,0.301384871,0.191497918,NA,NA,NA,1,"72",1120,1120,13,NA,1,"72",110,110
"57",41589,2018-03-19 23:21:17,-35.07751174,-6.189820376,-3904.810746,-685.7879986,0.052052455,0.058905524,-0.028090849,0.091307679,0.12581987,0.132748678,0.306225094,0.176348557,NA,NA,NA,1,"73",1100,1100,12.5,NA,1,"73",100,100
"58",41589,2018-03-19 23:41:19,-35.07694935,-6.188914072,-3904.748141,-685.6871892,0.051976099,0.058348773,0.187433425,0.301502921,0.128400492,0.137524705,0.30105274,0.175212955,NA,NA,NA,1,"74",1270,1270,12.5,NA,1,"74",100,100
"59",41589,2018-03-20 00:04:09,-35.07560229,-6.187890607,-3904.598187,-685.5733481,0.049447205,0.05678447,0.393665429,0.298856111,0.12250333,0.12982617,0.206248988,0.178474129,NA,NA,NA,1,"75",800,800,15,NA,1,"75",120,120
"60",41589,2018-03-20 00:19:10,-35.07482473,-6.187540384,-3904.511628,-685.5343926,0.054001821,0.061323298,0.345610016,0.155715642,0.138149909,0.1437551,0.150991776,0.162796208,NA,NA,NA,1,"76",1550,1550,13.5,NA,1,"76",110,110
"61",41589,2018-03-20 00:47:07,-35.07414854,-6.187895447,-3904.436356,-685.5738865,0.057554952,0.064719343,0.161579079,-0.084506455,0.122596469,0.133644458,0.302612032,0.194931928,NA,NA,NA,1,"77",1550,1550,14.5,NA,1,"77",100,100
"62",41589,2018-03-20 01:14:31,-35.07426981,-6.187696562,-3904.449855,-685.5517643,0.062443242,0.07090404,-0.029492709,0.0484268,0.130719071,0.138837339,0.232765286,0.189692498,NA,NA,NA,1,"78",2140,2140,13,NA,1,"78",130,130
"63",41589,2018-03-20 01:52:28,-35.07524452,-6.186535293,-3904.558359,-685.4225955,0.070839337,0.080057376,-0.171449316,0.204134489,0.124438054,0.134755318,0.210704919,0.200237676,NA,NA,NA,1,"79",3030,3030,14,NA,1,"79",140,140
"64",41589,2018-03-20 02:44:59,-35.07448863,-6.1864022,-3904.474214,-685.4077915,0.068283334,0.07751658,0.096081491,0.016940086,0.09974291,0.108872167,0.326518725,0.191163589,NA,NA,NA,1,"80",2160,2160,14,NA,1,"80",140,140
"65",41589,2018-03-20 03:23:35,-35.0748625,-6.186074989,-3904.515834,-685.3713956,0.062654349,0.07065397,-0.064720598,0.056607526,0.114555154,0.123825257,0.165622515,0.172953075,NA,NA,NA,1,"81",1720,1720,13.5,NA,1,"81",140,140
"66",41589,2018-03-20 03:54:15,-35.07610236,-6.185227119,-3904.653854,-685.2770867,0.059988451,0.068023327,-0.269923804,0.18445854,0.124447849,0.132513934,0.241773111,0.184471675,NA,NA,NA,1,"82",1710,1710,14,NA,1,"82",100,100
"67",41589,2018-03-20 04:24:43,-35.07731672,-6.184287314,-3904.789036,-685.1725519,0.06131151,0.068278474,-0.266008422,0.20574239,0.1254138,0.132377798,0.021640991,0.193845763,NA,NA,NA,1,"83",1740,1740,13.5,NA,1,"83",110,110
"68",41589,2018-03-20 04:55:06,-35.07678057,-6.18425829,-3904.729352,-685.1693236,0.058953223,0.066816936,0.117762429,0.006397979,0.121710379,0.130170946,0.432456078,0.191201971,NA,NA,NA,1,"84",1560,1560,14.5,NA,1,"84",70,70
"69",41589,2018-03-20 05:22:40,-35.07551279,-6.184829545,-3904.588223,-685.2328644,0.066757842,0.075551215,0.30694871,-0.138204979,0.142186189,0.149315773,0.238120693,0.190375811,NA,NA,NA,2,"85:86",2830,1415,15,0,2,"85:86",210,105
"70",41589,2018-03-20 06:13:28,-35.07465192,-6.186173152,-3904.492391,-685.3823144,0.066351373,0.07515419,0.113180457,-0.176493994,0.096287383,0.106305855,0.197515023,0.19657348,NA,NA,NA,1,"87",1880,1880,16,NA,1,"87",150,150
"71",41589,2018-03-20 06:47:19,-35.07491173,-6.186594842,-3904.521314,-685.4292192,0.07034774,0.080434949,-0.051173091,-0.083158107,0.136104863,0.145478007,0.189007081,0.185162113,NA,NA,NA,2,"88:89",3270,1635,16.5,0,2,"88:89",280,140
"72",41589,2018-03-20 07:46:23,-35.07445353,-6.186572565,-3904.470307,-685.4267413,0.075156077,0.086328373,0.051803881,0.002509866,0.095725116,0.107119392,0.133952449,0.199192428,NA,NA,NA,1,"90",3250,3250,16.5,NA,1,"90",130,130
"73",41589,2018-03-20 08:42:48,-35.07412258,-6.18660346,-3904.433466,-685.4301778,0.079772685,0.093012782,0.039179317,-0.003654242,0.108539905,0.122755984,0.014049051,0.17829622,NA,NA,NA,2,"91:92",6470,3235,16.5,0,2,"91:92",290,145
"74",41589,2018-03-20 10:35:24,-35.07436806,-6.186667739,-3904.460792,-685.4373276,0.079031574,0.09190553,-0.0145599,-0.003809486,0.058274699,0.067259501,0.053739441,0.145168665,NA,NA,NA,2,"93:94",3550,1775,15.75,0.353553390593274,2,"93:94",180,90
"75",41589,2018-03-20 11:37:28,-35.07421583,-6.186540042,-3904.443846,-685.4231238,0.075845283,0.087264323,0.016379831,0.01372841,0.098165956,0.110794034,0.035564656,0.142648964,NA,NA,NA,1,"95",3340,3340,15,NA,1,"95",140,140
"76",41589,2018-03-20 12:35:33,-35.07410167,-6.186584149,-3904.431138,-685.4280298,0.081384489,0.095428129,0.013127053,-0.005066149,0.108363667,0.123524207,0.019073961,0.192530271,NA,NA,NA,3,"96:98",10010,3336.66666666667,14.6666666666667,0.288675134594813,3,"96:98",410,136.666666666667
"77",41589,2018-03-20 15:29:08,-35.07430173,-6.186507329,-3904.453408,-685.419485,0.083882252,0.099222567,-0.007697763,0.0029535,0.040147149,0.047170418,0.022315639,0.131981803,NA,NA,NA,3,"99:101",8470,2823.33333333333,14.8333333333333,0.577350269189626,3,"99:101",370,123.333333333333
"78",41589,2018-03-20 17:55:40,-35.07459569,-6.186468923,-3904.486132,-685.4152132,0.084128691,0.099629791,-0.013399053,0.001749461,0.048425678,0.057199287,0.005827041,0.078720278,NA,NA,NA,7,"102:108",15090,2155.71428571429,16.5714285714286,0.607492896293956,7,"102:108",810,115.714285714286
"79",41589,2018-03-20 22:21:25,-35.07366253,-6.182326717,-3904.382253,-684.9544748,0.08158521,0.095776543,0.023453422,0.104023103,0.026333728,0.030993517,0.108710637,0.077820006,NA,NA,NA,2,"109:110",4290,2145,17.75,0.353553390593274,2,"109:110",240,120
"80",41589,2018-03-20 23:37:04,-35.07331794,-6.183126522,-3904.343894,-685.0434369,0.066425665,0.075696697,0.03040762,-0.070574512,0.077483451,0.088299377,0.174736053,0.107121129,NA,NA,NA,1,"111",1620,1620,17,NA,1,"111",140,140
"81",41589,2018-03-21 00:06:16,-35.07389483,-6.184478875,-3904.408113,-685.1938593,0.067569438,0.07726564,-0.131816882,-0.308930349,0.144566273,0.153326087,0.288323245,0.187163359,NA,NA,NA,1,"112",3230,3230,15.5,NA,1,"112",120,120
"82",41589,2018-03-21 01:02:11,-35.07411792,-6.18697113,-3904.432947,-685.4710739,0.064085498,0.072687502,-0.02665233,-0.297457142,0.088402624,0.098097496,0.105788552,0.19215748,NA,NA,NA,1,"113",1610,1610,14.5,NA,1,"113",160,160
"83",41589,2018-03-21 01:31:29,-35.07410713,-6.188221123,-3904.431746,-685.6101118,0.060442542,0.068896628,0.00241241,-0.28458529,0.127452889,0.135464641,0.031787476,0.175406873,NA,NA,NA,1,"114",1740,1740,13.5,NA,1,"114",100,100
"84",41589,2018-03-21 02:02:21,-35.07431123,-6.188447089,-3904.454467,-685.6352462,0.0581461,0.066320802,-0.044106534,-0.048839711,0.120725305,0.131138021,0.24029147,0.194501838,NA,NA,NA,1,"115",1460,1460,14,NA,1,"115",100,100
"85",41589,2018-03-21 02:28:22,-35.07428178,-6.187754417,-3904.451188,-685.5581997,0.072444348,0.083732141,0.007512531,0.177471662,0.157497636,0.171069005,0.232123599,0.203831491,NA,NA,NA,4,"116:119",6570,1642.5,14.875,0.946484724300046,4,"116:119",480,120
"86",41589,2018-03-21 04:25:30,-35.07437161,-6.18542778,-3904.461188,-685.2994062,0.06581017,0.075428912,-0.005122254,0.132552253,0.047827465,0.054413568,0.046662524,0.201799154,NA,NA,NA,1,"120",1400,1400,15.5,NA,1,"120",90,90
"87",41589,2018-03-21 04:50:27,-35.07437521,-6.18587137,-3904.461588,-685.3487469,0.05958129,0.068229143,-0.000925774,-0.118383922,0.139219908,0.1478916,0.250971262,0.170053531,NA,NA,NA,1,"121",1850,1850,14.5,NA,1,"121",110,110
"88",41589,2018-03-21 05:23:21,-35.07411796,-6.186371889,-3904.432951,-685.40442,0.069713535,0.079424953,0.052178396,-0.101508038,0.134942184,0.147011439,0.055721166,0.196698191,NA,NA,NA,2,"122:123",3380,1690,15,0.707106781186548,2,"122:123",200,100
"89",41589,2018-03-21 06:22:58,-35.07452339,-6.186164867,-3904.478084,-685.3813928,0.066627452,0.075730581,-0.045412854,0.023160369,0.086894339,0.09645995,0.158323289,0.194616147,NA,NA,NA,1,"124",1810,1810,16.5,NA,1,"124",140,140
"90",41589,2018-03-21 06:55:36,-35.0746465,-6.186244315,-3904.491788,-685.3902298,0.064488178,0.073473418,-0.025203283,-0.016239816,0.128842093,0.137941515,0.044280937,0.181188578,NA,NA,NA,2,"125:126",2230,1115,8.5,9.19238815542512,2,"125:126",110,55
"91",41589,2018-03-21 07:34:35,-35.07475161,-6.186492779,-3904.503489,-685.4178667,0.072752748,0.083289604,-0.018004479,-0.042522854,0.125747906,0.137785883,0.027251071,0.203776526,NA,NA,NA,1,"127",3660,3660,16,NA,1,"127",130,130
"92",41589,2018-03-21 08:37:41,-35.07452341,-6.186526763,-3904.478085,-685.4216467,0.080953934,0.09471953,0.024152644,-0.003596787,0.097668415,0.111165447,0.057379976,0.198703566,NA,NA,NA,2,"128:129",6930,3465,16.5,0,2,"128:129",240,120
"93",41589,2018-03-21 10:37:16,-35.07429593,-6.186602018,-3904.452762,-685.4300174,0.082767413,0.097463464,0.012705737,-0.004199876,0.057248328,0.066834411,0.011462783,0.135507383,NA,NA,NA,2,"130:131",6840,3420,16,0.707106781186548,2,"130:131",300,150
"94",41589,2018-03-21 12:36:00,-35.07410115,-6.186573346,-3904.43108,-685.4268282,0.078652834,0.091346464,0.010956433,0.001611816,0.05637677,0.065423479,0.006069253,0.111279687,NA,NA,NA,1,"132",3430,3430,15,NA,1,"132",110,110
"95",41589,2018-03-21 13:35:19,-35.07412384,-6.186442758,-3904.433606,-685.4123028,0.074275872,0.085247414,-0.00255439,0.014690059,0.100707657,0.11328647,0.018803797,0.140228883,NA,NA,NA,1,"133",3160,3160,15,NA,1,"133",130,130
"96",41589,2018-03-21 14:30:04,-35.07425052,-6.186482361,-3904.447708,-685.4167079,0.074729115,0.085884168,-0.015450573,-0.004825333,0.104683004,0.11680616,0.023391496,0.185814154,NA,NA,NA,1,"134",3430,3430,14.5,NA,1,"134",110,110
"97",41589,2018-03-21 15:29:10,-35.07415782,-6.186504076,-3904.437388,-685.4191232,0.07551993,0.086936242,0.010471894,-0.002451639,0.099084962,0.111093453,0.026030918,0.170675161,NA,NA,NA,1,"135",3490,3490,14,NA,1,"135",140,140
"98",41589,2018-03-21 16:29:25,-35.07434367,-6.186449404,-3904.458078,-685.4130421,0.075188297,0.086497633,-0.020598549,0.006056207,0.09766517,0.109587311,0.032214219,0.164002721,NA,NA,NA,1,"136",3380,3380,14.5,NA,1,"136",130,130
"99",41589,2018-03-21 17:27:26,-35.07424443,-6.186286817,-3904.44703,-685.3949574,0.074131007,0.085090296,0.011421522,0.018698008,0.099604995,0.111391142,0.034425283,0.170140766,NA,NA,NA,1,"137",3130,3130,14.5,NA,1,"137",100,100
"100",41589,2018-03-21 18:21:45,-35.07425504,-6.186494052,-3904.448211,-685.4180083,0.074024359,0.084960211,-0.001302253,-0.025457782,0.104499704,0.11641499,0.045952457,0.187414533,NA,NA,NA,1,"138",3220,3220,15.5,NA,1,"138",140,140
"101",41589,2018-03-21 19:17:55,-35.07413592,-6.18666035,-3904.434951,-685.4365057,0.073840277,0.084703332,0.014161016,-0.019755314,0.101265218,0.112958611,0.016481227,0.175609712,NA,NA,NA,1,"139",3120,3120,16,NA,1,"139",150,150
"102",41589,2018-03-21 20:12:08,-35.0743163,-6.18638003,-3904.45503,-685.4053255,0.073985825,0.084979321,-0.022220808,0.034517988,0.104407736,0.116259479,0.065339333,0.179253103,NA,NA,NA,1,"140",3190,3190,16,NA,1,"140",150,150
"103",41589,2018-03-21 21:08:02,-35.074764,-6.184609936,-3904.504868,-685.2084372,0.059322649,0.068111208,-0.053507991,0.211350916,0.089229998,0.100104226,0.179579431,0.180298589,NA,NA,NA,1,"141",1090,1090,17.5,NA,1,"141",140,140
"104",41589,2018-03-21 21:28:13,-35.07513133,-6.183515668,-3904.54576,-685.0867217,0.066538719,0.076842095,-0.121386305,0.361387439,0.15795584,0.166737973,0.164676725,0.182782461,NA,NA,NA,2,"142:143",4090,2045,18,0,2,"142:143",250,125
"105",41589,2018-03-21 22:40:59,-35.07561448,-6.182631992,-3904.599544,-684.9884304,0.07592071,0.08738202,-0.044358772,0.081056386,0.078969685,0.089616349,0.29072107,0.208094742,NA,NA,NA,2,"144:145",3190,1595,14.5,2.82842712474619,2,"144:145",250,125
"106",41589,2018-03-21 23:38:15,-35.0772671,-6.18220277,-3904.783512,-684.9406882,0.059312394,0.067296294,-0.192696234,0.050044772,0.088508432,0.098122013,0.151544458,0.148176284,NA,NA,NA,1,"146",1170,1170,14.5,NA,2,"146:147",180,90
"107",41589,2018-03-21 23:59:20,-35.0773269,-6.181754386,-3904.790169,-684.8908146,0.056504594,0.064631723,-0.019311541,0.141589908,0.136399302,0.14271166,0.196068263,0.172503407,NA,NA,NA,1,"147",1550,1550,16.5,NA,0,"integer(0)",0,NA
"108",41589,2018-03-22 00:26:33,-35.0776274,-6.181753648,-3904.823621,-684.8907325,0.060879386,0.069036336,-0.073731522,0.000129367,0.131420112,0.141435778,0.15156721,0.192303087,NA,NA,NA,1,"148",2020,2020,14.5,NA,1,"148",120,120
"109",41589,2018-03-22 01:01:42,-35.07825892,-6.183160503,-3904.893921,-685.0472167,0.074611602,0.085828173,-0.119938635,-0.26703381,0.136348595,0.148996972,0.271129601,0.213055941,NA,NA,NA,3,"149:151",5100,1700,12.1666666666667,0.577350269189626,3,"149:151",280,93.3333333333333
"110",41589,2018-03-22 02:31:48,-35.07571533,-6.188477688,-3904.61077,-685.6386498,0.067209869,0.076495626,0.188537932,-0.393842132,0.063020355,0.070923064,0.333523827,0.175103925,NA,NA,NA,1,"152",1650,1650,13.5,NA,1,"152",100,100
"111",41589,2018-03-22 03:00:23,-35.07572664,-6.189777633,-3904.612029,-685.7832442,0.065301243,0.075103494,-0.002453938,-0.303329014,0.14208966,0.149962733,0.211354013,0.169728065,NA,NA,NA,2,"153:154",2460,1230,11.75,0.353553390593274,2,"153:154",160,80
"112",41589,2018-03-22 03:44:44,-35.07485863,-6.187950505,-3904.515403,-685.5800106,0.075709998,0.087244801,0.130681878,0.274841708,0.120345227,0.134872621,0.593301381,0.21655025,NA,NA,NA,3,"155:157",4400,1466.66666666667,12.6666666666667,1.52752523165195,4,"155:158",270,67.5
"113",41589,2018-03-22 05:03:00,-35.07525544,-6.184963105,-3904.559575,-685.2477203,0.066355812,0.076475229,-0.033845671,0.254694508,0.071350721,0.080572081,0.16575652,0.167995806,NA,NA,NA,1,"158",1680,1680,15,NA,0,"integer(0)",0,NA
"114",41589,2018-03-22 05:30:30,-35.07486443,-6.185792891,-3904.516048,-685.3400177,0.068690659,0.079037625,0.094856148,-0.200989661,0.152577037,0.165261532,0.473510528,0.1946056,NA,NA,NA,2,"159:160",3680,1840,14.5,0.707106781186548,2,"159:160",230,115
"115",41589,2018-03-22 06:35:31,-35.074326,-6.186651549,-3904.45611,-685.4355267,0.059930841,0.068948648,0.055304511,-0.088142363,0.076105665,0.086280725,0.119577777,0.207018303,NA,NA,NA,1,"161",1070,1070,14.5,NA,1,"161",100,100
"116",41589,2018-03-22 06:55:07,-35.07433432,-6.186853116,-3904.457037,-685.4579472,0.067333172,0.078068913,-0.00271122,-0.068635742,0.159147968,0.165887709,0.061207298,0.176184382,NA,NA,NA,2,"162:163",5150,2575,15.5,0,2,"162:163",210,105
"117",41589,2018-03-22 08:24:17,-35.07430739,-6.186629371,-3904.454039,-685.4330598,0.083171653,0.098097977,0.002017353,0.016744558,0.070454775,0.082033507,0.085511139,0.204054499,NA,NA,NA,3,"164:166",10860,3620,16.1666666666667,0.288675134594813,3,"164:166",430,143.333333333333
"118",41589,2018-03-22 11:32:38,-35.07437193,-6.186599043,-3904.461224,-685.4296864,0.080213371,0.093625227,-0.002288633,0.001074644,0.036406335,0.042554466,0.016250775,0.111754501,NA,NA,NA,1,"167",3610,3610,16,NA,1,"167",140,140
"119",41589,2018-03-22 12:35:14,-35.07414028,-6.186602716,-3904.435436,-685.430095,0.076169037,0.087758276,0.024712567,-0.000391365,0.099223053,0.112547086,0.027040969,0.120051007,NA,NA,NA,1,"168",3600,3600,15.5,NA,1,"168",160,160
"120",41589,2018-03-22 13:37:55,-35.07417261,-6.186584959,-3904.439035,-685.4281199,0.076294827,0.088008524,-0.003442545,0.001890698,0.095804844,0.107931376,0.028247445,0.162370542,NA,NA,NA,1,"169",3610,3610,15,NA,1,"169",130,130
"121",41589,2018-03-22 14:40:03,-35.07411877,-6.186524542,-3904.433042,-685.4213997,0.07639703,0.08806898,0.005786541,0.006488281,0.096523861,0.10865554,0.010310859,0.168523335,NA,NA,NA,1,"170",3550,3550,14.5,NA,2,"170:171",250,125
"122",41589,2018-03-22 15:41:22,-35.07419262,-6.186586621,-3904.441263,-685.4283048,0.080706549,0.094354555,-0.008043537,-0.006755562,0.102567368,0.116797682,0.019148641,0.180468411,NA,NA,NA,2,"171:172",6800,3400,14.5,0,2,"172:173",280,140
"123",41589,2018-03-22 17:39:26,-35.07427881,-6.186531622,-3904.450857,-685.4221872,0.083536489,0.098673392,-0.004875432,0.003108825,0.058288613,0.068186095,0.010360648,0.160390527,NA,NA,NA,3,"173:175",9790,3263.33333333333,15,0.5,2,"174:175",270,135
"124",41589,2018-03-22 20:29:03,-35.07414962,-6.186310152,-3904.436476,-685.3975529,0.081528325,0.095577606,0.005085742,0.008715382,0.040887197,0.047934787,0.011430594,0.092937652,NA,NA,NA,2,"176:177",4310,2155,16,0.707106781186548,2,"176:177",260,130
"125",41589,2018-03-22 21:45:25,-35.07602005,-6.184171733,-3904.644691,-685.1596958,0.077681396,0.089820404,-0.163586322,0.186866242,0.084541725,0.097022003,0.245332415,0.115473922,NA,NA,NA,2,"178:179",3600,1800,16.5,0,2,"178:179",260,130
"126",41589,2018-03-22 22:49:44,-35.07788321,-6.18412174,-3904.852097,-685.1541351,0.076263534,0.08711802,-0.193448248,0.005176091,0.094908641,0.106144714,0.184127797,0.170359469,NA,NA,NA,2,"180:181",3200,1600,16.25,0.353553390593274,2,"180:181",210,105
"127",41589,2018-03-22 23:46:38,-35.07508995,-6.186875125,-3904.541153,-685.4603952,0.06308992,0.071619234,0.327820867,-0.3229144,0.092717013,0.102212921,0.615926019,0.161991924,NA,NA,NA,1,"182",1540,1540,15.5,NA,1,"182",90,90
"128",41589,2018-03-23 00:13:44,-35.07416066,-6.188124307,-3904.437704,-685.5993429,0.06207372,0.070987697,0.228955067,-0.307381007,0.134397175,0.143434225,0.100078633,0.173202215,NA,NA,NA,1,"183",1950,1950,14.5,NA,1,"183",120,120
"129",41589,2018-03-23 00:48:05,-35.0743078,-6.187553794,-3904.454084,-685.5358842,0.063093101,0.071511507,-0.028551615,0.110731843,0.120842446,0.131459978,0.491047906,0.201444493,NA,NA,NA,1,"184",1960,1960,14.5,NA,1,"184",130,130
"130",41589,2018-03-23 01:22:45,-35.07501165,-6.186290209,-3904.532436,-685.3953347,0.072580224,0.08354759,-0.135517323,0.243097624,0.134847494,0.147395473,0.170183321,0.198489046,NA,NA,NA,2,"185:186",3490,1745,15.75,1.06066017177982,2,"185:186",250,125
"131",41589,2018-03-23 02:25:30,-35.07399716,-6.188910361,-3904.419504,-685.6867765,0.081470386,0.095540136,0.107965086,-0.278628468,0.099101693,0.113656794,0.57574456,0.211154515,NA,NA,NA,4,"187:190",7880,1970,14.25,1.04083299973307,4,"187:190",480,120
"132",41589,2018-03-23 04:44:42,-35.07351236,-6.189474122,-3904.365536,-685.7494842,0.08256203,0.097193454,0.023262165,-0.02702976,0.049431438,0.057832555,0.265474094,0.146710634,NA,NA,NA,3,"191:193",6120,2040,14.3333333333333,0.763762615825973,3,"191:193",450,150
"133",41589,2018-03-23 06:34:14,-35.07421646,-6.187911517,-3904.443916,-685.575674,0.070570769,0.080809763,-0.042934393,0.095213252,0.057059341,0.06562403,0.139015604,0.101867179,NA,NA,NA,1,"194",1860,1860,15,NA,1,"194",170,170
"134",41589,2018-03-23 07:07:57,-35.07445113,-6.186763672,-3904.47004,-685.4479983,0.061541617,0.070192655,-0.046471625,0.227098794,0.127164722,0.137535696,0.131932969,0.169602831,NA,NA,NA,1,"195",1740,1740,15,NA,1,"195",150,150
"135",41589,2018-03-23 07:39:35,-35.0745051,-6.186217043,-3904.476048,-685.3871964,0.071176143,0.081467556,-0.011404203,0.115354413,0.140549481,0.152547865,0.117117593,0.20150712,NA,NA,NA,1,"196",4020,4020,15.5,NA,1,"196",150,150
"136",41589,2018-03-23 08:49:04,-35.07421767,-6.186241723,-3904.444051,-685.3899415,0.07722751,0.089246068,0.027627624,-0.00236513,0.085179224,0.096273553,0.12402167,0.202837455,NA,NA,NA,1,"197",3640,3640,16,NA,1,"197",160,160
"137",41589,2018-03-23 09:52:21,-35.07408642,-6.186309802,-3904.42944,-685.397514,0.077019728,0.089002772,0.013853009,-0.007180074,0.096414768,0.108904905,0.014591906,0.159173561,NA,NA,NA,1,"198",3790,3790,16.5,NA,1,"198",190,190
"138",41589,2018-03-23 10:58:47,-35.07403678,-6.186502601,-3904.423914,-685.4189592,0.077428381,0.08948834,0.004988896,-0.019367692,0.092338786,0.104476976,0.015070187,0.17528778,NA,NA,NA,1,"199",3740,3740,16,NA,1,"199",160,160
"139",41589,2018-03-23 12:03:41,-35.07436668,-6.18668522,-3904.460639,-685.439272,0.080913891,0.094661709,-0.03394802,-0.018778544,0.098450836,0.112538703,0.038941373,0.160314327,NA,NA,NA,2,"200:201",7100,3550,15.75,0.353553390593274,2,"200:201",240,120
"140",41589,2018-03-23 14:06:02,-35.0742211,-6.186627175,-3904.444433,-685.4328156,0.078852493,0.091605084,0.007946462,0.003165883,0.054104659,0.062577508,0.04729382,0.140955151,NA,NA,NA,1,"202",3420,3420,15.5,NA,1,"202",130,130
"141",41589,2018-03-23 15:05:19,-35.07426254,-6.186653764,-3904.449046,-685.4357731,0.076190177,0.087830671,-0.00466629,-0.002991057,0.102964639,0.116226335,0.014035292,0.142622819,NA,NA,NA,1,"203",3770,3770,15,NA,1,"203",150,150
"142",41589,2018-03-23 16:10:28,-35.07418423,-6.186437922,-3904.440329,-685.4117648,0.076018522,0.087592097,0.008024674,0.0221081,0.092295435,0.104068953,0.028125225,0.181954901,NA,NA,NA,1,"204",3400,3400,14.5,NA,1,"204",140,140
"143",41589,2018-03-23 17:09:40,-35.07447102,-6.186370277,-3904.472254,-685.4042407,0.07574051,0.087229529,-0.032347086,0.007626597,0.100124958,0.112377396,0.042890475,0.166208513,NA,NA,NA,1,"205",3520,3520,14.5,NA,1,"205",160,160
"144",41589,2018-03-23 18:10:52,-35.07399785,-6.186336307,-3904.41958,-685.4004622,0.076089097,0.087618866,0.051629972,0.003703235,0.097154125,0.109120823,0.084068656,0.16462962,NA,NA,NA,1,"206",3480,3480,14.5,NA,1,"206",120,120
"145",41589,2018-03-23 19:10:56,-35.07411766,-6.18648951,-3904.432918,-685.417503,0.080350947,0.09391317,-0.0133182,-0.017020031,0.104021406,0.118297808,0.06817418,0.172530785,NA,NA,NA,2,"207:208",6800,3400,15.25,0.353553390593274,2,"207:208",310,155
"146",41589,2018-03-23 21:08:49,-35.07458575,-6.186639289,-3904.485026,-685.4341631,0.063419488,0.07305624,-0.026518127,-0.008479348,0.049725752,0.057404132,0.015722002,0.138610911,NA,NA,NA,1,"209",1110,1110,16,NA,1,"209",100,100
"147",41589,2018-03-23 21:29:38,-35.07446945,-6.186646332,-3904.47208,-685.4349465,0.068092453,0.079061281,0.037194994,-0.002267048,0.165679017,0.172391833,0.064015267,0.178515981,NA,NA,NA,3,"210:212",7180,2393.33333333333,16.6666666666667,0.288675134594813,3,"210:212",400,133.333333333333
"148",41589,2018-03-23 23:35:53,-35.07419854,-6.186563517,-3904.441922,-685.4257349,0.079750049,0.09281538,0.0143325,0.004377492,0.048862534,0.056484209,0.023808476,0.186001834,NA,NA,NA,1,"213",3610,3610,16,NA,1,"213",130,130
"149",41589,2018-03-24 00:38:12,-35.07409006,-6.186670457,-3904.429845,-685.4376299,0.080249335,0.093690175,0.011628351,-0.011457377,0.103559599,0.118496859,0.016064106,0.154476653,NA,NA,NA,3,"214:216",6360,2120,15.3333333333333,0.763762615825973,3,"214:216",460,153.333333333333
"150",41589,2018-03-24 02:31:54,-35.07378507,-6.189483663,-3904.395894,-685.7505455,0.074168024,0.085635903,0.017905407,-0.165107145,0.055881327,0.06440982,0.153777933,0.158778054,NA,NA,NA,1,"217",2230,2230,15,NA,2,"217:218",280,140
"151",41589,2018-03-24 03:11:02,-35.07566992,-6.187079047,-3904.605715,-685.4830777,0.065565096,0.0745672,-0.321623844,0.409948619,0.124300391,0.13590882,0.667809287,0.16602789,NA,NA,NA,1,"218",2190,2190,14,NA,1,"219",100,100
"152",41589,2018-03-24 03:50:01,-35.0778211,-6.184360145,-3904.845183,-685.1806529,0.063075219,0.071226727,-0.368452042,0.465339812,0.113395744,0.122926939,0.072533195,0.188612075,NA,NA,NA,1,"219",1700,1700,13.5,NA,1,"220",100,100
"153",41589,2018-03-24 04:20:18,-35.07811465,-6.183727414,-3904.87786,-685.1102741,0.058256971,0.06640717,-0.064756931,0.139474585,0.121806834,0.131207691,0.445442327,0.187842515,NA,NA,NA,1,"220",1420,1420,14,NA,1,"221",120,120
"154",41589,2018-03-24 04:45:38,-35.07747004,-6.184045881,-3904.806103,-685.1456973,0.06812442,0.077832591,0.169748835,-0.083759025,0.150957725,0.160146497,0.323768743,0.191210188,NA,NA,NA,2,"221:222",3690,1845,15,0.707106781186548,1,"222",120,120
"155",41589,2018-03-24 05:51:08,-35.07511738,-6.18696659,-3904.544206,-685.470569,0.067026924,0.076372123,0.239880106,-0.29754782,0.079418727,0.089103537,0.224997876,0.204408513,NA,NA,NA,1,"223",1740,1740,13.5,NA,1,"223",140,140
"156",41589,2018-03-24 06:22:07,-35.07482482,-6.187095451,-3904.511639,-685.4849023,0.068958397,0.07895718,0.063158756,-0.027871503,0.141890629,0.151253901,0.322421699,0.18656926,NA,NA,NA,1,"224",3380,3380,14.5,NA,1,"224",100,100
"157",41589,2018-03-24 07:20:26,-35.07439108,-6.186415336,-3904.463355,-685.4092527,0.076372186,0.088082529,0.049677804,0.077820386,0.097534261,0.109715525,0.106548165,0.206725616,NA,NA,NA,1,"225",3750,3750,15,NA,1,"225",170,170
"158",41589,2018-03-24 08:25:49,-35.0740484,-6.18625315,-3904.425208,-685.3912125,0.075771154,0.087290534,0.035003299,0.016555133,0.091814808,0.103460024,0.062998193,0.180419253,NA,NA,NA,1,"226",3300,3300,15,NA,1,"226",160,160
"159",41589,2018-03-24 09:23:28,-35.07416371,-6.186533263,-3904.438044,-685.4223697,0.075885016,0.087386289,-0.013354662,-0.032421223,0.102241737,0.11461008,0.068827145,0.175699664,NA,NA,NA,1,"227",3540,3540,15.5,NA,1,"227",170,170
"160",41589,2018-03-24 10:25:17,-35.07420266,-6.186602435,-3904.44238,-685.4300638,0.080248254,0.093678493,-0.004209038,-0.007469167,0.101024034,0.114911523,0.026575318,0.189491307,NA,NA,NA,2,"228:229",6320,3160,15.75,0.353553390593274,2,"228:229",270,135
"161",41589,2018-03-24 12:14:50,-35.07420216,-6.186530879,-3904.442324,-685.4221046,0.079135673,0.092011616,3.07e-05,0.004358638,0.06007872,0.069356318,0.012564736,0.159702526,NA,NA,NA,1,"230",3680,3680,16,NA,1,"230",150,150
"162",41589,2018-03-24 13:18:20,-35.07419773,-6.186680021,-3904.441831,-685.4386937,0.076034187,0.087604164,0.000466079,-0.015672523,0.096743623,0.109459881,0.020035892,0.152707463,NA,NA,NA,1,"231",3500,3500,16,NA,1,"231",120,120
"163",41589,2018-03-24 14:19:11,-35.07419539,-6.186682713,-3904.441571,-685.4389932,0.076163741,0.087816884,0.000256311,-0.000295116,0.098158394,0.110432338,0.015378838,0.181483499,NA,NA,NA,1,"232",3640,3640,15.5,NA,1,"232",160,160
"164",41589,2018-03-24 15:22:00,-35.07422239,-6.186511231,-3904.444576,-685.4199191,0.075968134,0.08754098,-0.002871225,0.018217246,0.095281635,0.107294553,0.018774691,0.179176814,NA,NA,NA,1,"233",3470,3470,15,NA,1,"233",110,110
"165",41589,2018-03-24 16:22:20,-35.07437255,-6.186403586,-3904.461292,-685.4079457,0.075807076,0.087320182,-0.016620669,0.011906551,0.098458055,0.110638963,0.015128519,0.168819109,NA,NA,NA,1,"234",3540,3540,15,NA,1,"234",140,140
"166",41589,2018-03-24 17:23:18,-35.07431798,-6.186436932,-3904.455217,-685.4116548,0.076216655,0.087892278,0.005976296,-0.0036503,0.097868083,0.110104559,0.027434257,0.166601957,NA,NA,NA,1,"235",3650,3650,14.5,NA,1,"235",120,120
"167",41589,2018-03-24 18:26:22,-35.07427192,-6.186622918,-3904.45009,-685.4323421,0.075762725,0.087268139,0.004879221,-0.019677647,0.09478576,0.106725951,0.01606485,0.180820899,NA,NA,NA,1,"236",3410,3410,14.5,NA,1,"236",140,140
"168",41589,2018-03-24 19:25:28,-35.07414387,-6.186442579,-3904.435836,-685.4122829,0.075513589,0.08693868,0.014467698,0.020360259,0.099795302,0.1119827,0.041170047,0.181956162,NA,NA,NA,1,"237",3430,3430,15,NA,1,"237",160,160
"169",41589,2018-03-24 20:25:23,-35.07427083,-6.186415849,-3904.449969,-685.4093097,0.076827739,0.088676858,-0.014149352,0.002977278,0.099575045,0.111955352,0.033482885,0.175120649,NA,NA,NA,1,"238",3770,3770,15,NA,1,"238",150,150
"170",41589,2018-03-24 21:30:45,-35.07420075,-6.186580789,-3904.442167,-685.427656,0.081255079,0.095168005,0.007160602,-0.016838234,0.097635161,0.111656931,0.02909929,0.17059141,NA,NA,NA,2,"239:240",7350,3675,15.5,0,2,"239:240",270,135
"171",41589,2018-03-24 23:37:40,-35.07396149,-6.1864528,-3904.415533,-685.4134198,0.082945487,0.097732859,0.012590821,0.006730144,0.054203928,0.063375387,0.024185858,0.15271669,NA,NA,NA,2,"241:242",7040,3520,16,0,2,"241:242",280,140
"172",41589,2018-03-25 01:39:44,-35.07453738,-6.186076667,-3904.479641,-685.3715823,0.07925299,0.091977812,-0.031514665,0.020567567,0.05528987,0.064192482,0.04622519,0.094224722,NA,NA,NA,3,"243:245",3540,1180,15,1.3228756555323,3,"243:245",220,73.3333333333333
"173",41589,2018-03-25 02:42:23,-35.07703942,-6.184172627,-3904.758167,-685.1597953,0.056849557,0.064655155,-0.266697303,0.202786358,0.083679205,0.093948491,0.297513968,0.125486057,NA,NA,NA,1,"246",930,930,15,NA,1,"246",90,90
"174",41589,2018-03-25 02:59:29,-35.07737623,-6.18398181,-3904.795661,-685.1385707,0.055375029,0.063157981,-0.131255264,0.074337069,0.134777378,0.140468511,0.186664848,0.158100705,NA,NA,NA,1,"247",1450,1450,15.5,NA,1,"247",80,80
"175",41589,2018-03-25 03:24:21,-35.07661675,-6.184630468,-3904.711115,-685.210721,0.057895234,0.065667362,0.203696123,-0.174048512,0.134955546,0.142825408,0.416998596,0.185229743,NA,NA,NA,1,"248",1760,1760,15.5,NA,1,"248",100,100
"176",41589,2018-03-25 03:55:57,-35.07538031,-6.186714041,-3904.573476,-685.4424778,0.070248214,0.080557221,0.261266886,-0.439785495,0.136358395,0.150174167,0.271901704,0.205812914,NA,NA,NA,1,"249",3410,3410,15,NA,1,"249",130,130
"177",41589,2018-03-25 04:55:00,-35.07454998,-6.1865343,-3904.481044,-685.422485,0.061708206,0.069960406,0.093922652,0.020283463,0.083775281,0.093253348,0.489558514,0.204582767,NA,NA,NA,1,"250",1310,1310,14.5,NA,1,"250",150,150
"178",41589,2018-03-25 05:19:17,-35.07438758,-6.186368685,-3904.462965,-685.4040636,0.058605452,0.067034284,0.044697205,0.045449155,0.134083256,0.14194501,0.055285231,0.169927747,NA,NA,NA,1,"251",1700,1700,15,NA,1,"251",110,110
"179",41589,2018-03-25 05:49:23,-35.07432348,-6.186359129,-3904.455829,-685.4030007,0.07206417,0.082648658,0.014234313,0.002146592,0.146211927,0.159036233,0.052944308,0.202887638,NA,NA,NA,2,"252:253",4790,2395,14.75,0.353553390593274,2,"252:253",330,165
"180",41589,2018-03-25 07:14:44,-35.07456047,-6.186178124,-3904.482211,-685.3828674,0.063099831,0.07223288,-0.018538367,0.014152126,0.062704732,0.070967216,0.034902456,0.183704655,NA,NA,NA,1,"254",1240,1240,14.5,NA,1,"254",120,120
"181",41589,2018-03-25 07:37:26,-35.07439008,-6.186166664,-3904.463244,-685.3815927,0.065967925,0.07596432,0.050020536,0.003366657,0.152607299,0.159026365,0.069402086,0.17289011,NA,NA,NA,1,"255",3660,3660,15,NA,1,"255",90,90
"182",41589,2018-03-25 08:39:56,-35.07426748,-6.18646363,-3904.449596,-685.4146244,0.076872639,0.088700944,0.013104474,-0.0317071,0.090989605,0.103059143,0.050921156,0.203078097,NA,NA,NA,1,"256",3820,3820,15.5,NA,1,"256",150,150
"183",41589,2018-03-25 09:46:00,-35.07415065,-6.186600344,-3904.436591,-685.4298312,0.075804749,0.087322367,0.01180921,-0.013810518,0.091339079,0.102991398,0.017943393,0.174498235,NA,NA,NA,1,"257",3340,3340,15,NA,1,"257",120,120
"184",41589,2018-03-25 10:43:46,-35.07434391,-6.186606527,-3904.458103,-685.430519,0.075133775,0.086394101,-0.022338802,-0.000715043,0.101447665,0.113624523,0.036572916,0.16110689,NA,NA,NA,1,"258",3410,3410,15.5,NA,1,"258",140,140
"185",41589,2018-03-25 11:42:37,-35.0742141,-6.186567102,-3904.443654,-685.4261337,0.076885104,0.088835331,0.014728877,0.004471606,0.101216693,0.113822039,0.037428788,0.170231955,NA,NA,NA,1,"259",4010,4010,15.5,NA,1,"259",130,130
"186",41589,2018-03-25 12:51:50,-35.07412075,-6.186355987,-3904.433262,-685.4026512,0.0762744,0.087936385,0.009007555,0.020352876,0.08797966,0.099518396,0.016880411,0.174097719,NA,NA,NA,2,"260:261",3380,1690,9,9.89949493661167,2,"260:261",110,55
"187",41589,2018-03-25 13:50:07,-35.07417558,-6.186479158,-3904.439366,-685.4163516,0.076671273,0.088525686,-0.0062821,-0.014100944,0.102727947,0.115518246,0.037694022,0.178584599,NA,NA,NA,1,"262",3960,3960,16.5,NA,1,"262",160,160
"188",41589,2018-03-25 14:58:26,-35.07411596,-6.186598655,-3904.432729,-685.4296433,0.076870207,0.088794827,0.005827517,-0.011672922,0.08946745,0.101275586,0.012350633,0.164198957,NA,NA,NA,1,"263",3620,3620,15.5,NA,1,"263",110,110
"189",41589,2018-03-25 16:00:44,-35.07419887,-6.186569603,-3904.441958,-685.4264118,0.076131008,0.087712041,-0.008887508,0.003112654,0.096493143,0.108660283,0.020860134,0.162162501,NA,NA,NA,1,"264",3480,3480,15.5,NA,1,"264",120,120
"190",41589,2018-03-25 17:00:56,-35.07429253,-6.186351675,-3904.452385,-685.4021715,0.079958133,0.093231984,-0.010390927,0.024156872,0.103195334,0.117120779,0.021097853,0.185492397,NA,NA,NA,3,"265:267",5930,1976.66666666667,14.5,1.3228756555323,3,"265:267",190,63.3333333333333
"191",41589,2018-03-25 18:42:41,-35.07413032,-6.186454156,-3904.434327,-685.4135706,0.082844595,0.097615672,0.010647769,-0.006720108,0.066654386,0.07762577,0.037363279,0.156366082,NA,NA,NA,3,"268:270",8240,2746.66666666667,15,0.5,3,"268:270",490,163.333333333333
"192",41589,2018-03-25 21:08:12,-35.07403378,-6.184011344,-3904.42358,-685.1418557,0.069197394,0.079031248,0.004426626,0.112033949,0.043130538,0.049734321,0.118916898,0.111912125,NA,NA,NA,1,"271",1590,1590,16.5,NA,1,"271",120,120
"193",41589,2018-03-25 21:36:45,-35.07476165,-6.183531003,-3904.504606,-685.0884274,0.061100108,0.06973756,-0.170257238,0.112233735,0.13667303,0.145606711,0.174683978,0.15596846,NA,NA,NA,1,"272",1910,1910,15.5,NA,1,"272",110,110
"194",41589,2018-03-25 22:10:38,-35.07646222,-6.183398512,-3904.693914,-685.0736904,0.076098022,0.086500172,-0.335079008,0.026111036,0.145407736,0.157631301,0.185965952,0.204600111,NA,NA,NA,3,"273:275",5830,1943.33333333333,16,0.5,3,"273:275",400,133.333333333333
"195",41589,2018-03-25 23:54:29,-35.07293213,-6.185355911,-3904.300945,-685.2914122,0.078134353,0.088517319,0.227011006,-0.125780614,0.062210655,0.068674468,0.582251027,0.183170008,NA,NA,NA,1,"276",2850,2850,16.5,NA,1,"276",150,150
"196",41589,2018-03-26 00:44:12,-35.0765247,-6.184441498,-3904.700868,-685.1897018,0.069171762,0.078515825,-0.482523863,0.122710856,0.112599904,0.121446063,0.751789693,0.153009015,NA,NA,NA,1,"277",2350,2350,15,NA,1,"277",140,140
"197",41589,2018-03-26 01:25:59,-35.07844503,-6.183873279,-3904.914639,-685.1264988,0.06580615,0.07424144,-0.30693723,0.090743278,0.112550999,0.122467042,0.178472944,0.179506692,NA,NA,NA,1,"278",2010,2010,12,NA,1,"278",130,130
"198",41589,2018-03-26 02:01:32,-35.07859758,-6.183845402,-3904.93162,-685.1233979,0.061010554,0.069450098,-0.028740316,0.00521836,0.118066993,0.127283582,0.291046447,0.182100375,NA,NA,NA,1,"279",1670,1670,12,NA,1,"279",80,80
"199",41589,2018-03-26 02:30:48,-35.07854043,-6.184284604,-3904.925259,-685.1722504,0.071861641,0.082723222,0.013035279,-0.100144396,0.147328907,0.158906831,0.113342449,0.199712141,NA,NA,NA,3,"280:282",4780,1593.33333333333,15.1666666666667,0.577350269189626,3,"280:282",280,93.3333333333333
"200",41589,2018-03-26 03:55:03,-35.07717852,-6.188876994,-3904.773651,-685.683065,0.070798794,0.081801459,0.107969215,-0.363743733,0.067862979,0.077517568,0.280173273,0.198221939,NA,NA,NA,1,"283",2070,2070,13,NA,1,"283",110,110
"201",41589,2018-03-26 04:31:28,-35.0764399,-6.187851129,-3904.691428,-685.568957,0.057146167,0.065186759,0.135532058,0.187890723,0.115869009,0.126605963,0.552322626,0.173102182,NA,NA,NA,1,"284",1190,1190,14,NA,1,"284",130,130
"202",41589,2018-03-26 04:53:20,-35.07557016,-6.186824111,-3904.59461,-685.4547209,0.059882197,0.067954707,0.26526945,0.313249737,0.142168897,0.149833046,0.180406966,0.180782325,NA,NA,NA,1,"285",2010,2010,16.5,NA,1,"285",110,110
"203",41589,2018-03-26 05:28:50,-35.07524803,-6.185221955,-3904.55875,-685.2765123,0.072007354,0.082740934,0.060670953,0.301132923,0.130394969,0.142534292,0.204956977,0.202337853,NA,NA,NA,1,"286",3720,3720,15.5,NA,1,"286",170,170
"204",41589,2018-03-26 06:33:34,-35.07520486,-6.185725182,-3904.553944,-685.3324865,0.078072818,0.090370588,0.004461174,-0.051861683,0.091829101,0.103860053,0.357441926,0.205642664,NA,NA,NA,1,"287",3950,3950,15,NA,1,"287",180,180
"205",41589,2018-03-26 07:42:19,-35.07443641,-6.186474534,-3904.468401,-685.4158373,0.082320754,0.096805385,0.074650885,-0.072740182,0.095176698,0.109524234,0.073229142,0.157764877,NA,NA,NA,3,"288:290",10650,3550,14.6666666666667,0.288675134594813,3,"288:290",420,140
"206",41589,2018-03-26 10:46:58,-35.07429587,-6.186498602,-3904.452756,-685.4185143,0.083371569,0.098418924,0.005083891,-0.000870048,0.037844552,0.044481397,0.100024412,0.124061458,NA,NA,NA,2,"291:292",7060,3530,15.5,0,2,"291:292",290,145
"207",41589,2018-03-26 12:49:22,-35.07420497,-6.186428491,-3904.442637,-685.4107159,0.07965539,0.09276305,0.004960178,0.003822476,0.055440095,0.064570782,0.004694155,0.094808005,NA,NA,NA,1,"293",3750,3750,16,NA,1,"293",150,150
"208",41589,2018-03-26 13:54:25,-35.07418388,-6.186547877,-3904.440289,-685.4239952,0.076413567,0.088118348,0.002166304,-0.012246167,0.095431567,0.108244241,0.016309722,0.148794299,NA,NA,NA,1,"294",3600,3600,16,NA,1,"294",130,130
"209",41589,2018-03-26 14:56:33,-35.07413102,-6.186451796,-3904.434405,-685.4133081,0.076430228,0.088176188,0.005680305,0.010317169,0.096879792,0.109168344,0.022835331,0.180704043,NA,NA,NA,1,"295",3690,3690,16,NA,1,"295",120,120
"210",41589,2018-03-26 16:00:03,-35.07426908,-6.186576676,-3904.449773,-685.4271986,0.076328684,0.08803196,-0.01451842,-0.013122663,0.094899822,0.107000596,0.03094211,0.176037759,NA,NA,NA,1,"296",3570,3570,16.5,NA,1,"296",150,150
"211",41589,2018-03-26 17:02:01,-35.07421033,-6.186593326,-3904.443234,-685.4290505,0.076105811,0.087727089,0.006329737,-0.001793162,0.096705894,0.108880896,0.023727689,0.168734944,NA,NA,NA,1,"297",3540,3540,15.5,NA,1,"297",160,160
"212",41589,2018-03-26 18:03:41,-35.07420818,-6.186502245,-3904.442994,-685.4189196,0.076199564,0.08790843,0.000233381,0.009856342,0.097073683,0.10930853,0.01314825,0.17396453,NA,NA,NA,1,"298",3580,3580,15,NA,1,"298",160,160
"213",41589,2018-03-26 19:06:02,-35.07428861,-6.186410418,-3904.451948,-685.4087056,0.075730191,0.087118955,-0.008615234,0.00982839,0.095363896,0.10717714,0.008848659,0.161449033,NA,NA,NA,1,"299",3230,3230,15.5,NA,1,"299",180,180
"214",41589,2018-03-26 20:02:42,-35.07430912,-6.18640026,-3904.454232,-685.4075757,0.08120565,0.095170169,-0.002418825,0.001196983,0.110564267,0.125863868,0.010625284,0.180844651,NA,NA,NA,4,"300:303",10360,2590,15,0.577350269189626,4,"300:303",440,110
"215",41589,2018-03-26 23:02:52,-35.0746846,-6.186465216,-3904.49603,-685.4148008,0.080428103,0.093943151,-0.013919636,-0.002405947,0.037617396,0.043830146,0.01205196,0.137153048,NA,NA,NA,1,"304",3770,3770,14.5,NA,1,"304",130,130
"216",41589,2018-03-27 00:07:58,-35.07459754,-6.186260381,-3904.486338,-685.3920169,0.075847766,0.087316746,0.008930919,0.020996087,0.095599879,0.108566822,0.032707844,0.130268052,NA,NA,NA,1,"305",3450,3450,15.5,NA,1,"305",130,130
"217",41589,2018-03-27 01:07:40,-35.07452042,-6.186292487,-3904.477753,-685.3955881,0.074792816,0.085989178,0.008626311,-0.003585488,0.098557055,0.110521807,0.024583462,0.180918966,NA,NA,NA,1,"306",3380,3380,15.5,NA,1,"306",130,130
"218",41589,2018-03-27 02:06:02,-35.07472616,-6.186124063,-3904.500656,-685.3768541,0.055846756,0.063863339,-0.023543264,0.019260784,0.08407109,0.094106716,0.039456732,0.158938011,NA,NA,NA,1,"307",810,810,15,NA,1,"307",130,130
"219",41589,2018-03-27 02:21:50,-35.07479593,-6.186042874,-3904.508422,-685.3678234,0.056607966,0.06498602,-0.029352643,0.034263045,0.138627984,0.144141015,0.016087783,0.159196976,NA,NA,NA,1,"308",1800,1800,16.5,NA,1,"308",90,90
"220",41589,2018-03-27 02:53:14,-35.07466389,-6.185812399,-3904.493725,-685.3421876,0.065324878,0.073920824,0.028067906,0.048942464,0.13012487,0.140845543,0.059267233,0.190250876,NA,NA,NA,1,"309",2610,2610,16.5,NA,1,"309",110,110
"221",41589,2018-03-27 03:38:35,-35.07423959,-6.186157126,-3904.446492,-685.3805318,0.072320743,0.082674815,0.062466436,-0.050699778,0.11192221,0.12298782,0.10541269,0.205819063,NA,NA,NA,2,"310:311",3050,1525,16.25,0.353553390593274,2,"310:311",230,115
"222",41589,2018-03-27 04:33:12,-35.07481927,-6.185757189,-3904.511021,-685.3360466,0.062866333,0.071673588,-0.070884795,0.048876859,0.091876037,0.10205986,0.166427334,0.175248955,NA,NA,NA,1,"312",1490,1490,15,NA,1,"312",100,100
"223",41589,2018-03-27 04:59:42,-35.0752609,-6.185233664,-3904.560182,-685.2778146,0.068335031,0.078339242,-0.111206926,0.131693813,0.148111673,0.157158206,0.092111466,0.188059345,NA,NA,NA,1,"313",3600,3600,16.5,NA,1,"313",90,90
"224",41589,2018-03-27 06:01:19,-35.07459675,-6.18604887,-3904.48625,-685.3684905,0.080348171,0.0937676,0.071978124,-0.088279563,0.096916983,0.110399162,0.286260456,0.205684242,NA,NA,NA,2,"314:315",6260,3130,15.25,0.353553390593274,2,"314:315",280,140
"225",41589,2018-03-27 07:50:11,-35.07438208,-6.186584853,-3904.462353,-685.4281082,0.079410045,0.092431338,0.013170949,-0.032857355,0.060616453,0.069997417,0.080807827,0.143003563,NA,NA,NA,1,"316",3830,3830,15,NA,1,"316",100,100
"226",41589,2018-03-27 08:55:43,-35.07421592,-6.186613115,-3904.443856,-685.4312517,0.07638428,0.088011183,0.016934471,-0.0028796,0.094312786,0.106836733,0.030213075,0.151766008,NA,NA,NA,1,"317",3460,3460,15,NA,1,"317",120,120
"227",41589,2018-03-27 09:55:20,-35.07419091,-6.186609348,-3904.441072,-685.4308328,0.080516687,0.094094825,0.002803306,0.0004213,0.10516713,0.119643679,0.014511573,0.165371364,NA,NA,NA,2,"318:319",7180,3590,14.75,0.353553390593274,2,"318:319",260,130
"228",41589,2018-03-27 11:59:30,-35.07408233,-6.186645561,-3904.428985,-685.4348607,0.080127382,0.093442339,0.005840327,-0.001945982,0.05375658,0.062304224,0.003850652,0.142301853,NA,NA,NA,1,"320",3900,3900,15,NA,1,"320",170,170
"229",41589,2018-03-27 13:07:17,-35.07411812,-6.18642274,-3904.432969,-685.4100762,0.077875523,0.090158309,-0.003528708,0.021934036,0.0935876,0.106694637,0.025652175,0.14079074,NA,NA,NA,1,"321",4090,4090,15.5,NA,1,"321",130,130
"230",41589,2018-03-27 14:17:34,-35.07474334,-6.186888459,-3904.502568,-685.4618784,0.078142019,0.089929953,-0.059429166,-0.044224379,0.088943722,0.100672352,0.086612915,0.1695719,NA,NA,NA,1,"322",3790,3790,16,NA,1,"322",160,160
"231",41589,2018-03-27 15:23:20,-35.07851628,-6.188233432,-3904.92257,-685.6114809,0.078742203,0.089633928,-0.383113836,-0.136462064,0.096324612,0.106786347,0.336570284,0.160801066,NA,NA,NA,1,"323",3720,3720,16.5,NA,1,"323",150,150
"232",41589,2018-03-27 16:27:51,-35.07502497,-6.186580563,-3904.533919,-685.427631,0.076974044,0.088450035,0.361380944,0.170951824,0.097006868,0.107490841,0.805466185,0.171097066,NA,NA,NA,1,"324",3570,3570,16.5,NA,1,"324",170,170
"233",41589,2018-03-27 17:30:10,-35.07427297,-6.186344525,-3904.450207,-685.4013763,0.075889964,0.087425676,0.080611965,0.02528612,0.096388547,0.108325842,0.316306366,0.170499181,NA,NA,NA,1,"325",3490,3490,15.5,NA,1,"325",130,130
"234",41589,2018-03-27 18:30:21,-35.07443209,-6.186391283,-3904.46792,-685.4065772,0.076007962,0.087585359,-0.01765118,-0.005183096,0.098846283,0.111078441,0.10287866,0.167281208,NA,NA,NA,1,"326",3600,3600,15.5,NA,1,"326",120,120
"235",41589,2018-03-27 19:32:31,-35.07441823,-6.18648096,-3904.466377,-685.416552,0.076210012,0.087898152,0.001487613,-0.009625636,0.096279832,0.108407629,0.019647635,0.162644627,NA,NA,NA,1,"327",3580,3580,14.5,NA,1,"327",120,120
"236",41589,2018-03-27 20:34:18,-35.07449098,-6.186394149,-3904.474476,-685.406896,0.076983024,0.088869111,-0.007864458,0.009376656,0.097426762,0.10972107,0.02117896,0.174346032,NA,NA,NA,1,"328",3700,3700,14.5,NA,1,"328",140,140
"237",41589,2018-03-27 21:38:11,-35.07450616,-6.186211761,-3904.476166,-685.3866088,0.082084521,0.096468131,-0.001587231,0.019052817,0.100949901,0.115822287,0.011533936,0.185037793,NA,NA,NA,3,"329:331",11860,3953.33333333333,14.5,0,3,"329:331",360,120
"238",41589,2018-03-28 01:01:45,-35.07436017,-6.186528997,-3904.459914,-685.4218952,0.081190978,0.095095984,0.004790418,-0.010400426,0.03372904,0.039442964,0.030135825,0.137086832,NA,NA,NA,1,"332",4080,4080,15,NA,1,"332",110,110
"239",41589,2018-03-28 02:11:47,-35.07396644,-6.186737561,-3904.416084,-685.4450939,0.077673236,0.089752995,0.037544914,-0.01987207,0.09118979,0.104118328,0.034096467,0.110532147,NA,NA,NA,1,"333",3690,3690,15.5,NA,1,"333",120,120
"240",41589,2018-03-28 03:15:04,-35.07426942,-6.186434487,-3904.449812,-685.4113828,0.082355871,0.096891481,-0.031972575,0.031958345,0.102776705,0.118096964,0.08671259,0.16599443,NA,NA,NA,4,"334:337",15790,3947.5,16,0.408248290463863,4,"334:337",470,117.5
"241",41589,2018-03-28 07:46:11,-35.07440014,-6.186500998,-3904.464363,-685.4187809,0.081131067,0.095005995,-0.00322034,-0.001637224,0.02543075,0.029782462,0.044219377,0.124218494,NA,NA,NA,1,"338",3900,3900,15.5,NA,2,"338:339",140,70
"242",41589,2018-03-28 08:53:21,-35.0744034,-6.186485926,-3904.464727,-685.4171044,0.076260928,0.08789743,-0.000324846,0.001497922,0.093912057,0.107045474,0.004267672,0.120295396,NA,NA,NA,2,"339:340",3650,1825,10.75,6.01040764008565,1,"340",70,70
"243",41589,2018-03-28 09:54:11,-35.07438951,-6.186407604,-3904.46318,-685.4083926,0.074556708,0.085631164,0.001526413,0.008591096,0.096714171,0.108506173,0.007330777,0.179134341,NA,NA,NA,1,"341",3140,3140,14.5,NA,1,"341",40,40
"244",41589,2018-03-28 10:48:37,-35.07430059,-6.18641975,-3904.453281,-685.4097436,0.075567958,0.087029733,0.010909523,-0.001489539,0.106349228,0.118822369,0.013771781,0.174462413,NA,NA,NA,1,"342",3760,3760,14.5,NA,1,"342",100,100
"245",41589,2018-03-28 11:52:38,-35.07422791,-6.186594503,-3904.445191,-685.4291815,0.076842504,0.088725751,0.007581563,-0.018216586,0.094069064,0.106118278,0.017054894,0.187091907,NA,NA,NA,1,"343",3710,3710,14.5,NA,1,"343",130,130
"246",41589,2018-03-28 12:56:53,-35.07436544,-6.186661216,-3904.460501,-685.436602,0.077628879,0.089835988,-0.014294499,-0.006928826,0.095431946,0.107956434,0.024616572,0.160190031,NA,NA,NA,1,"344",4070,4070,15,NA,1,"344",140,140
"247",41589,2018-03-28 14:06:55,-35.07419364,-6.186439584,-3904.441376,-685.4119497,0.077854231,0.090163805,0.016383674,0.0211179,0.088921027,0.101028243,0.041566442,0.168986735,NA,NA,NA,1,"345",3930,3930,15.5,NA,1,"345",120,120
"248",41589,2018-03-28 15:14:40,-35.0740527,-6.186499643,-3904.425687,-685.4186301,0.07763813,0.089777777,0.013891881,-0.005914962,0.091455884,0.103680657,0.027147461,0.172183242,NA,NA,NA,1,"346",3800,3800,16.5,NA,1,"346",140,140
"249",41589,2018-03-28 16:20:08,-35.07446121,-6.18658132,-3904.471162,-685.4277152,0.081242125,0.095138412,-0.041673103,-0.008325628,0.098072174,0.112226089,0.055617252,0.159838541,NA,NA,NA,2,"347:348",7300,3650,16.5,0,2,"347:348",260,130
"250",41589,2018-03-28 18:26:04,-35.07430353,-6.186320676,-3904.453609,-685.3987235,0.083284773,0.098276001,0.008362467,0.013812465,0.054778031,0.064107063,0.054714289,0.139699723,NA,NA,NA,2,"349:350",8090,4045,16,0.707106781186548,2,"349:350",260,130
"251",41589,2018-03-28 20:45:24,-35.07410849,-6.186662634,-3904.431897,-685.4367598,0.081126634,0.094881796,0.009349357,-0.016378634,0.049320277,0.0576193,0.030207225,0.10510661,NA,NA,NA,1,"351",4160,4160,15,NA,1,"351",130,130
"252",41589,2018-03-28 21:57:00,-35.07419385,-6.186428397,-3904.441399,-685.4107054,0.081620588,0.095685224,-0.007961589,0.02183089,0.093219858,0.107759505,0.041948022,0.136919505,NA,NA,NA,2,"352:353",7850,3925,14.5,0,2,"352:353",290,145
"253",41589,2018-03-29 00:12:19,-35.07411704,-6.186590037,-3904.432849,-685.4286847,0.079099684,0.09207358,0.003791037,-0.007971901,0.049419427,0.057342852,0.032036394,0.138757861,NA,NA,NA,1,"354",3460,3460,14.5,NA,1,"354",120,120
"254",41589,2018-03-29 01:12:10,-35.0740421,-6.186667055,-3904.424507,-685.4372515,0.069505154,0.079148667,0.008348787,-0.008565874,0.095650707,0.107405899,0.004596291,0.125784836,NA,NA,NA,1,"355",2210,2210,14.5,NA,1,"355",140,140
"255",41589,2018-03-29 01:51:16,-35.07474118,-6.185568843,-3904.502328,-685.3150968,0.073429686,0.083743679,-0.119508128,0.187533408,0.131106235,0.142263037,0.234098952,0.188560355,NA,NA,NA,2,"356:357",3670,1835,15,0.707106781186548,2,"356:357",200,100
"256",41589,2018-03-29 02:54:51,-35.08300645,-6.175888023,-3905.422413,-684.2383048,0.065924593,0.07487501,-0.86818563,1.016076602,0.084380365,0.093520731,1.11669236,0.18938176,NA,NA,NA,1,"358",1790,1790,15,NA,1,"358",20,20
"257",41589,2018-03-29 03:26:01,-35.08704366,-6.170393446,-3905.871833,-683.6271553,0.060711238,0.068802456,-0.865099651,1.176521245,0.125991538,0.133951947,0.160474318,0.180022497,NA,NA,NA,1,"359",1780,1780,13,NA,1,"359",80,80
"258",41589,2018-03-29 03:57:07,-35.09022884,-6.164370691,-3906.226406,-682.9572649,0.057990259,0.065669661,-0.684070345,1.292310602,0.119482219,0.128382365,0.214892495,0.189030759,NA,NA,NA,1,"360",1500,1500,14,NA,1,"360",90,90
"259",41589,2018-03-29 04:23:23,-35.09236452,-6.159415143,-3906.464149,-682.406082,0.060213256,0.067915529,-0.543211522,1.25897587,0.131462211,0.138984622,0.144749481,0.182789888,NA,NA,NA,1,"361",1850,1850,14.5,NA,1,"361",70,70
"260",41589,2018-03-29 04:55:39,-35.09511857,-6.154006459,-3906.770729,-681.804505,0.071152957,0.081455079,-0.569956661,1.11862628,0.137623133,0.148772756,0.142875155,0.206360872,NA,NA,NA,2,"362:363",4010,2005,13,0,2,"362:363",130,65
"261",41589,2018-03-29 06:04:25,-35.09560546,-6.145965865,-3906.824929,-680.910207,0.065300312,0.071461303,-0.047225984,0.780266043,0.076842235,0.083976661,0.622683717,0.184635818,NA,NA,NA,1,"364",1350,1350,9.5,NA,1,"364",50,50
"262",41589,2018-03-29 06:27:21,-35.09365554,-6.144209427,-3906.607864,-680.7148527,0.061541622,0.069406054,0.567652236,0.511021503,0.140359592,0.146198927,0.671243508,0.17183811,NA,NA,NA,2,"365:366",1970,985,16.5,1.4142135623731,2,"365:366",100,50
"263",41589,2018-03-29 07:02:28,-35.08724183,-6.14417617,-3905.893894,-680.7111538,0.079667682,0.088030444,1.219537899,0.0063752,0.154064294,0.158387019,0.824392388,0.206735042,NA,NA,NA,3,"367:369",6170,2056.66666666667,19,0,3,"367:369",320,106.666666666667
"264",41589,2018-03-29 08:49:54,-35.08152393,-6.16152944,-3905.25738,-682.6412449,0.079021988,0.091925101,0.355489786,-1.077925572,0.06009327,0.068258078,1.386465761,0.197205858,NA,NA,NA,2,"370:371",3560,1780,17,0.707106781186548,2,"370:371",160,80
"265",41589,2018-03-29 09:52:23,-35.08061502,-6.176238844,-3905.156201,-684.2773261,0.067563187,0.075321153,0.097224559,-1.570988535,0.091104184,0.100630218,0.556607593,0.145705667,NA,NA,NA,1,"372",1790,1790,12.5,NA,2,"372:373",80,40
"266",41589,2018-03-29 10:22:56,-35.07845519,-6.182195767,-3904.91577,-684.9399093,0.055618034,0.064234689,0.472110001,-1.301254634,0.125534569,0.135229884,0.461839227,0.183137678,NA,NA,NA,1,"373",1150,1150,12.5,NA,1,"374",40,40
"267",41589,2018-03-29 10:42:44,-35.07666092,-6.185350392,-3904.716032,-685.2907984,0.070039633,0.080062499,0.604837446,-1.06346787,0.174786197,0.182483272,0.272321722,0.188782764,NA,NA,NA,2,"374:375",7370,3685,14.25,0.353553390593274,1,"375",130,130
"268",41589,2018-03-29 12:48:16,-35.07432537,-6.186712932,-3904.45604,-685.4423545,0.080138666,0.093457698,0.124268291,-0.072444868,0.04980436,0.05728822,1.10139607,0.205347931,NA,NA,NA,1,"376",3920,3920,15,NA,1,"376",100,100
"269",41589,2018-03-29 13:55:34,-35.07423871,-6.186798963,-3904.446393,-685.4519237,0.078105295,0.090473322,0.008606972,-0.008533448,0.094453746,0.10768265,0.132144656,0.127679035,NA,NA,NA,1,"377",4240,4240,15.5,NA,1,"377",130,130
"270",41589,2018-03-29 15:08:14,-35.07403762,-6.186625628,-3904.424007,-685.4326435,0.077470279,0.089596654,0.018481485,0.015917842,0.085923525,0.097666902,0.026369899,0.172283532,NA,NA,NA,1,"378",3700,3700,16,NA,2,"378:379",230,115
"271",41589,2018-03-29 16:11:52,-35.07415223,-6.186590538,-3904.436766,-685.4287404,0.07730238,0.089368113,-0.012027343,0.003680731,0.096412773,0.109029688,0.0328715,0.15955862,NA,NA,NA,1,"379",3960,3960,16.5,NA,0,"integer(0)",0,NA
"272",41589,2018-03-29 17:19:56,-35.07404607,-6.186596756,-3904.424949,-685.4294321,0.077986732,0.090323675,0.010413812,-0.000609713,0.091177671,0.103461619,0.022847611,0.157063587,NA,NA,NA,1,"380",4050,4050,16.5,NA,1,"380",140,140
"273",41589,2018-03-29 18:29:46,-35.0744439,-6.186656766,-3904.469234,-685.436107,0.078205039,0.09061647,-0.038047155,-0.005735788,0.089689908,0.101992604,0.048731324,0.154105483,NA,NA,NA,1,"381",4130,4130,16.5,NA,1,"381",120,120
"274",41589,2018-03-29 19:40:25,-35.07472908,-6.186940125,-3904.500981,-685.4676253,0.077721359,0.089950386,-0.026953041,-0.026762832,0.088603091,0.100770068,0.02377427,0.162988102,NA,NA,NA,1,"382",4050,4050,15.5,NA,1,"382",100,100
"275",41589,2018-03-29 20:49:35,-35.07307884,-6.186475645,-3904.317277,-685.4159609,0.061334929,0.06950471,0.159408801,0.04484201,0.078090477,0.087548181,0.199644658,0.148887569,NA,NA,NA,1,"383",1190,1190,16.5,NA,1,"383",150,150
"276",41589,2018-03-29 21:11:50,-35.07121598,-6.185700845,-3904.109905,-685.3297794,0.057427542,0.065934667,0.558937081,0.232466057,0.135703163,0.141031658,0.441390564,0.168271042,NA,NA,NA,1,"384",1670,1670,16.5,NA,1,"384",80,80
"277",41589,2018-03-29 21:41:08,-35.06753013,-6.183329196,-3903.699597,-685.0659804,0.056005244,0.063352298,0.840231156,0.540036381,0.120009553,0.129820113,0.416804344,0.189390815,NA,NA,NA,1,"385",1330,1330,17,NA,1,"385",140,140
"278",41589,2018-03-29 22:05:50,-35.06349226,-6.18118835,-3903.250104,-684.8278547,0.05870147,0.066334889,1.091905349,0.578306811,0.12996929,0.137871474,0.254567329,0.181518153,NA,NA,NA,1,"386",1750,1750,18,NA,1,"386",140,140
"279",41589,2018-03-29 22:37:05,-35.0567871,-6.179015464,-3902.503689,-684.5861661,0.06030847,0.068325921,1.432972667,0.464005379,0.12093057,0.129626377,0.359710624,0.189267313,NA,NA,NA,1,"387",1760,1760,19.5,NA,1,"387",100,100
"280",41589,2018-03-29 23:08:08,-35.04981305,-6.177708002,-3901.727341,-684.4407386,0.063950185,0.072677356,1.500137534,0.280916074,0.126609297,0.135456187,0.195020032,0.194297675,NA,NA,NA,1,"388",2200,2200,19.5,NA,1,"388",160,160
"281",41589,2018-03-29 23:46:44,-35.04135738,-6.178793582,-3900.78606,-684.5614864,0.060851737,0.069039401,1.463059968,-0.187667849,0.110089348,0.119993144,0.470048549,0.200496435,NA,NA,NA,2,"389:390",1570,785,10,9.19238815542512,2,"389:390",50,25
"282",41589,2018-03-30 00:14:11,-35.03621108,-6.180692084,-3900.213177,-684.7726552,0.072665902,0.082442827,1.252089047,-0.461563451,0.151833535,0.161746652,0.345727538,0.198295144,NA,NA,NA,3,"391:393",5020,1673.33333333333,16,0.5,3,"391:393",220,73.3333333333333
"283",41589,2018-03-30 01:41:36,-35.03475349,-6.19774993,-3900.050918,-686.6700203,0.067740305,0.075907406,0.111428819,-1.302264455,0.065679334,0.071718536,1.416998212,0.197506974,NA,NA,NA,1,"394",1600,1600,19.5,NA,2,"394:395",150,75
"284",41589,2018-03-30 02:09:50,-35.032436,-6.202912665,-3899.792937,-687.2442898,0.060672716,0.069083801,0.548036819,-1.220501225,0.134841842,0.141099041,0.444197897,0.169867645,NA,NA,NA,1,"395",1950,1950,19,NA,1,"396",100,100
"285",41589,2018-03-30 02:43:26,-35.02885835,-6.209358468,-3899.394675,-687.9612876,0.058190944,0.065637247,0.711145351,-1.280359515,0.114932247,0.124210805,0.173745239,0.187193548,NA,NA,NA,1,"396",1510,1510,19,NA,1,"397",70,70
"286",41589,2018-03-30 03:10:13,-35.02575794,-6.214735529,-3899.049539,-688.5594109,0.055503781,0.062835912,0.77304702,-1.339952945,0.122007241,0.12947994,0.085925511,0.181025461,NA,NA,NA,1,"397",1380,1380,21,NA,1,"398",80,80
"287",41589,2018-03-30 03:34:39,-35.02323189,-6.219991677,-3898.76834,-689.1440902,0.053939294,0.061101443,0.690369903,-1.43577809,0.123970984,0.131677635,0.126562096,0.182912182,NA,NA,NA,1,"398",1260,1260,21.5,NA,1,"399",70,70
"288",41589,2018-03-30 03:56:42,-35.02163008,-6.225030009,-3898.590027,-689.7045459,0.056819515,0.064238683,0.48517155,-1.52506461,0.131920643,0.139506093,0.223782142,0.178598025,NA,NA,NA,1,"399",1670,1670,21.5,NA,1,"400",90,90
"289",41589,2018-03-30 04:25:57,-35.02082996,-6.232292061,-3898.500958,-690.5123741,0.059260116,0.067231334,0.182779564,-1.657026473,0.122873006,0.131680666,0.329931578,0.190902081,NA,NA,NA,1,"400",1710,1710,21.5,NA,1,"401",100,100
"290",41589,2018-03-30 04:55:59,-35.02087026,-6.239944632,-3898.505445,-691.3636558,0.06776405,0.077328085,-0.008944556,-1.700616482,0.135205896,0.144897968,0.196616956,0.192998935,NA,NA,NA,2,"401:402",3040,1520,21,0.707106781186548,2,"402:403",150,75
"291",41589,2018-03-30 05:49:21,-35.0232098,-6.252783156,-3898.765881,-692.7918576,0.065011626,0.074287764,-0.292807972,-1.605622927,0.092772379,0.103628041,0.29933629,0.189201583,NA,NA,NA,1,"403",1740,1740,20.5,NA,1,"404",90,90
"292",41589,2018-03-30 06:19:37,-35.02528256,-6.257358617,-3898.996619,-693.3008564,0.062701865,0.07300646,-0.457315621,-1.008860829,0.128873994,0.137588268,0.619021622,0.183934868,NA,NA,NA,1,"404",1930,1930,20,NA,0,"integer(0)",0,NA
"293",41589,2018-03-30 06:53:12,-35.02757679,-6.257477113,-3899.252011,-693.3140386,0.072345333,0.081856592,-0.456161768,-0.023864772,0.139912402,0.155421352,0.984996734,0.213870118,NA,NA,NA,1,"405",3760,3760,21,NA,1,"405",70,70
"294",41589,2018-03-30 07:56:54,-35.02666263,-6.25333723,-3899.150248,-692.8534956,0.074083069,0.084579118,0.095797943,0.433777998,0.090864541,0.099603759,0.717005179,0.20052494,NA,NA,NA,1,"406",2770,2770,20.5,NA,1,"406",130,130
"295",41589,2018-03-30 08:45:36,-35.02785034,-6.248923904,-3899.282463,-692.3625373,0.075240702,0.0873487,-0.162856817,0.60484237,0.115857832,0.128189713,0.310105311,0.175199451,NA,NA,NA,1,"407",3890,3890,18,NA,1,"407",120,120
"296",41589,2018-03-30 09:52:14,-35.02931742,-6.243940575,-3899.445778,-691.8081745,0.071493454,0.084061795,-0.147047229,0.499273964,0.087059631,0.101817168,0.106745639,0.190811766,NA,NA,NA,1,"408",2190,2190,16.5,NA,1,"408",120,120
"297",41589,2018-03-30 10:30:36,-35.02953035,-6.235420038,-3899.469481,-690.8603327,0.064507361,0.073053725,-0.037017127,1.482118703,0.120001799,0.131469559,0.988984533,0.192593798,NA,NA,NA,1,"409",1970,1970,16.5,NA,1,"409",70,70
"298",41589,2018-03-30 11:04:41,-35.02840417,-6.226133635,-3899.344115,-689.8273121,0.067537832,0.076306219,0.22045614,1.818330851,0.132739294,0.141455002,0.423475018,0.198158447,NA,NA,NA,1,"410",2520,2520,18.5,NA,1,"410",140,140
"299",41589,2018-03-30 11:49:17,-35.02980062,-6.215150219,-3899.499568,-688.6055396,0.067655072,0.078850204,-0.209101821,1.643532018,0.108254687,0.118972928,0.46376144,0.197700477,NA,NA,NA,1,"411",2280,2280,17,NA,1,"411",200,200
"300",41589,2018-03-30 12:26:54,-35.03231769,-6.209576413,-3899.779766,-687.9855308,0.064825084,0.073654169,-0.44684055,0.989025838,0.119061169,0.128702096,0.696346209,0.196663187,NA,NA,NA,1,"412",1850,1850,14,NA,1,"412",50,50
"301",41589,2018-03-30 13:02:13,-35.03442039,-6.206129253,-3900.013838,-687.6020853,0.066617576,0.076120873,-0.397824596,0.651715634,0.12812658,0.140404147,0.340852955,0.199487047,NA,NA,NA,1,"413",2330,2330,16.5,NA,1,"413",100,100
"302",41589,2018-03-30 13:42:31,-35.03946002,-6.199299771,-3900.574848,-686.842414,0.066500836,0.075990334,-0.835174494,1.13100953,0.115199297,0.124650205,0.648843257,0.203298371,NA,NA,NA,1,"414",2190,2190,15.5,NA,1,"414",140,140
"303",41589,2018-03-30 14:21:37,-35.0450765,-6.19029236,-3901.200071,-685.840498,0.065888521,0.074798476,-0.959419701,1.537388808,0.117021754,0.127501824,0.424948219,0.194304573,NA,NA,NA,1,"415",2210,2210,19,NA,1,"415",140,140
"304",41589,2018-03-30 15:00:25,-35.05132027,-6.180700996,-3901.895125,-684.7736465,0.06722092,0.07635802,-1.074810674,1.649757669,0.118927539,0.128935286,0.1610647,0.190351571,NA,NA,NA,1,"416",2430,2430,19,NA,2,"416:417",210,105
"305",41589,2018-03-30 15:43:09,-35.05863085,-6.169671048,-3902.708934,-683.546805,0.061129074,0.069198329,-1.142679704,1.722515706,0.105018584,0.11410477,0.099498428,0.186220922,NA,NA,NA,1,"417",1570,1570,19.5,NA,0,"integer(0)",0,NA
"306",41589,2018-03-30 16:10:41,-35.06411096,-6.16287254,-3903.318977,-682.7906319,0.058483845,0.066546419,-1.329369477,1.647617595,0.127123337,0.13606926,0.201153669,0.179803267,NA,NA,NA,1,"418",1630,1630,20,NA,1,"418",80,80
"307",41589,2018-03-30 16:39:04,-35.07045335,-6.157437911,-3904.025008,-682.186165,0.062359223,0.071123672,-1.492472642,1.277645619,0.129996497,0.139481227,0.404328957,0.19313189,NA,NA,NA,1,"419",2110,2110,20,NA,1,"419",110,110
"308",41589,2018-03-30 17:15:31,-35.07955,-6.154531178,-3905.037643,-681.8628662,0.064588043,0.072871709,-1.666825114,0.532250385,0.11710849,0.126828764,0.765514754,0.203788013,NA,NA,NA,1,"420",2060,2060,19.5,NA,1,"420",100,100
"309",41589,2018-03-30 17:52:29,-35.08867597,-6.154556633,-3906.053541,-681.8656974,0.059786698,0.067577867,-1.648765289,-0.004487258,0.112078233,0.121003035,0.53704139,0.193962858,NA,NA,NA,2,"421:422",1660,830,9.25,10.2530483272049,2,"421:422",70,35
"310",41589,2018-03-30 18:20:30,-35.0943057,-6.155196527,-3906.68024,-681.9368689,0.054839492,0.061152408,-1.341797421,-0.152392669,0.121356264,0.126607304,0.340742253,0.178840338,NA,NA,NA,0,"integer(0)",0,NA,NA,NA,1,"423",20,20
"311",41589,2018-03-30 18:41:27,-35.09672768,-6.155934834,-3906.949854,-682.0189864,0.053197954,0.05856591,-0.772065491,-0.235251295,0.125130653,0.132364482,0.57572565,0.171282611,NA,NA,NA,0,"integer(0)",0,NA,NA,NA,0,"integer(0)",0,NA
"312",41589,2018-03-30 19:01:02,-35.09727616,-6.15696248,-3907.01091,-682.1332855,0.051119984,0.056964332,-0.18732201,-0.350369015,0.125406234,0.132999023,0.595967304,0.170816386,NA,NA,NA,1,"424",870,870,9,NA,2,"424:425",60,30
"313",41589,2018-03-30 19:20:19,-35.09649572,-6.158539036,-3906.924032,-682.3086372,0.049875832,0.057296248,0.269993586,-0.545174683,0.133182178,0.143220365,0.497078266,0.175561092,NA,NA,NA,1,"425",880,880,8,NA,0,"integer(0)",0,NA
"314",41589,2018-03-30 19:35:05,-35.09536981,-6.15974874,-3906.798696,-682.4431864,0.062064919,0.071122994,0.508322065,-0.54599761,0.166627979,0.174610845,0.238329899,0.164626144,NA,NA,NA,2,"426:427",3810,1905,14.5,2.12132034355964,2,"426:427",130,65
"315",41589,2018-03-30 20:40:34,-35.08831739,-6.158970168,-3906.013625,-682.3565898,0.068545016,0.074773791,0.719194653,0.079402844,0.076151271,0.082815946,0.65999468,0.212643023,NA,NA,NA,1,"428",1390,1390,16,NA,1,"428",90,90
"316",41589,2018-03-30 21:05:27,-35.08875915,-6.156352047,-3906.062801,-682.0653906,0.061652989,0.066501698,-0.118608216,0.701638503,0.13167307,0.141635808,1.043595162,0.175684058,NA,NA,NA,1,"429",1520,1520,16.5,NA,1,"429",90,90
"317",41589,2018-03-30 21:32:14,-35.09299093,-6.153000555,-3906.53388,-681.6926246,0.050478209,0.057244757,-1.054689612,0.834933141,0.129282845,0.129890998,0.945524109,0.185660849,NA,NA,NA,1,"430",940,940,12.5,NA,1,"430",70,70
"318",41589,2018-03-30 21:49:09,-35.09596355,-6.150934145,-3906.864791,-681.4627917,0.051618795,0.058935067,-1.172989201,0.815169289,0.143882464,0.153472201,0.119939163,0.171574916,NA,NA,NA,1,"431",630,630,5,NA,1,"431",200,200
"319",41589,2018-03-30 22:04:00,-35.09839614,-6.149159895,-3907.135586,-681.2654545,0.069224039,0.079435507,-1.094502571,0.797408686,0.190011681,0.203606804,0.080471052,0.176895113,NA,NA,NA,1,"423",2600,2600,12,NA,0,"integer(0)",0,NA
